date,matchday,home,away,status,home_goals,away_goals,utc,home_crest,away_crest,actual_ftr,p_A,p_D,p_H,pred_ftr,xg_home,xg_away
2026-08-22,1,Udinese,Como,FINISHED,1.0,1.0,2026-08-22T16:30:00Z,https://crests.football-data.org/115.png,https://crests.football-data.org/7397.png,D,0.5022382691617548,0.2622114031510753,0.23555032768716985,A,1.2,1.6
2026-08-22,1,Inter,Monza,FINISHED,4.0,1.0,2026-08-22T16:30:00Z,https://crests.football-data.org/108.png,https://crests.football-data.org/5911.png,H,0.08108432245568924,0.11782851467873456,0.8010871628655762,H,2.5,0.7
2026-08-22,1,Genoa,Napoli,FINISHED,0.0,2.0,2026-08-22T18:45:00Z,https://crests.football-data.org/107.png,https://crests.football-data.org/113.png,A,0.46251436088893566,0.2817449496994289,0.2557406894116353,A,1.0,1.5
2026-08-22,1,Parma,Cagliari,FINISHED,0.0,1.0,2026-08-22T18:45:00Z,https://crests.football-data.org/112.png,https://crests.football-data.org/104.png,A,0.22607898364572043,0.3472729911909741,0.4266480251633054,H,1.4,1.0
2026-08-23,1,Frosinone,Juventus,FINISHED,0.0,1.0,2026-08-23T16:30:00Z,https://crests.football-data.org/470.png,https://crests.football-data.org/109.png,A,0.5003138880854945,0.24095275343793474,0.2587333584765708,A,1.2,1.6
2026-08-23,1,Venezia,Lecce,FINISHED,0.0,2.0,2026-08-23T16:30:00Z,https://crests.football-data.org/454.png,https://crests.football-data.org/5890.png,A,0.41885115084720137,0.29540143044009215,0.2857474187127065,A,1.1,1.2
2026-08-23,1,Atalanta,Sassuolo,FINISHED,2.0,1.0,2026-08-23T18:45:00Z,https://crests.football-data.org/102.png,https://crests.football-data.org/471.png,H,0.12369794319849858,0.24892973817277322,0.6273723186287281,H,1.9,1.0
2026-08-23,1,Torino,Milan,FINISHED,1.0,2.0,2026-08-23T18:45:00Z,https://crests.football-data.org/586.png,https://crests.football-data.org/98.png,A,0.49456242488146207,0.24953857668120527,0.2558989984373327,A,1.4,1.6
2026-08-24,1,Bologna,Lazio,FINISHED,0.0,1.0,2026-08-24T16:30:00Z,https://crests.football-data.org/103.png,https://crests.football-data.org/110.png,A,0.36667689003734577,0.31158911682372364,0.32173399313893064,A,1.1,1.2
2026-08-24,1,Roma,Fiorentina,FINISHED,4.0,0.0,2026-08-24T18:45:00Z,https://crests.football-data.org/100.png,https://crests.football-data.org/99.png,H,0.09943313400229374,0.18694322829911908,0.7136236376985872,H,2.2,0.8
2026-08-28,2,Milan,Venezia,FINISHED,2.0,0.0,2026-08-28T18:45:00Z,https://crests.football-data.org/98.png,https://crests.football-data.org/454.png,H,0.0991502294250714,0.13032364709608701,0.7705261234788415,H,2.2,0.8
2026-08-29,2,Sassuolo,Torino,FINISHED,2.0,1.0,2026-08-29T16:30:00Z,https://crests.football-data.org/471.png,https://crests.football-data.org/586.png,H,0.22442619685721737,0.32637313816937685,0.4492006649734057,H,1.5,1.0
2026-08-29,2,Monza,Udinese,FINISHED,2.0,3.0,2026-08-29T16:30:00Z,https://crests.football-data.org/5911.png,https://crests.football-data.org/115.png,A,0.37187938159036393,0.28201242468042753,0.34610819372920854,A,1.4,1.3
2026-08-29,2,Fiorentina,Frosinone,FINISHED,0.0,3.0,2026-08-29T16:30:00Z,https://crests.football-data.org/99.png,https://crests.football-data.org/470.png,A,0.19606332009220484,0.3078537276243118,0.4960829522834833,H,1.6,1.1
2026-08-29,2,Juventus,Parma,FINISHED,2.0,0.0,2026-08-29T18:45:00Z,https://crests.football-data.org/109.png,https://crests.football-data.org/112.png,H,0.12148248902352957,0.21139640321668524,0.6671211077597852,H,2.0,0.8
2026-08-30,2,Napoli,Como,FINISHED,1.0,2.0,2026-08-30T16:30:00Z,https://crests.football-data.org/113.png,https://crests.football-data.org/7397.png,A,0.3525421006856257,0.2919050363562657,0.35555286295810856,H,1.4,1.3
2026-08-30,2,Lazio,Genoa,FINISHED,1.0,0.0,2026-08-30T18:45:00Z,https://crests.football-data.org/110.png,https://crests.football-data.org/107.png,H,0.1031612453055205,0.19181377860865118,0.7050249760858283,H,2.1,0.8
2026-08-30,2,Cagliari,Inter,FINISHED,0.0,1.0,2026-08-30T18:45:00Z,https://crests.football-data.org/104.png,https://crests.football-data.org/108.png,A,0.5614380833906186,0.22404719371453527,0.21451472289484608,A,1.0,1.6
2026-08-31,2,Lecce,Roma,FINISHED,0.0,4.0,2026-08-31T16:30:00Z,https://crests.football-data.org/5890.png,https://crests.football-data.org/100.png,A,0.6182765874081446,0.23914688852173535,0.1425765240701201,A,0.9,1.5
2026-08-31,2,Atalanta,Bologna,FINISHED,1.0,0.0,2026-08-31T18:45:00Z,https://crests.football-data.org/102.png,https://crests.football-data.org/103.png,H,0.14093600024613917,0.23354579288030386,0.625518206873557,H,2.0,1.0
2026-09-04,3,Genoa,Como,FINISHED,1.0,4.0,2026-09-04T18:45:00Z,https://crests.football-data.org/107.png,https://crests.football-data.org/7397.png,A,0.5162071489501168,0.28011170983614586,0.2036811412137373,A,1.0,1.6
2026-09-05,3,Fiorentina,Torino,FINISHED,1.0,2.0,2026-09-05T13:00:00Z,https://crests.football-data.org/99.png,https://crests.football-data.org/586.png,A,0.20256770096656387,0.30791589025319127,0.4895164087802448,H,1.6,1.0
2026-09-05,3,Inter,Napoli,FINISHED,3.0,2.0,2026-09-05T16:00:00Z,https://crests.football-data.org/108.png,https://crests.football-data.org/113.png,H,0.26347512604128986,0.20586614787840626,0.5306587260803038,H,1.6,1.3
2026-09-05,3,Roma,Atalanta,FINISHED,2.0,1.0,2026-09-05T18:45:00Z,https://crests.football-data.org/100.png,https://crests.football-data.org/102.png,H,0.1823499801736104,0.22738603751675168,0.590263982309638,H,1.7,0.9
2026-09-06,3,Parma,Monza,FINISHED,1.0,1.0,2026-09-06T13:00:00Z,https://crests.football-data.org/112.png,https://crests.football-data.org/5911.png,D,0.19508907323443858,0.3038372341789576,0.5010736925866038,H,1.7,0.9
2026-09-06,3,Frosinone,Venezia,FINISHED,3.0,2.0,2026-09-06T13:00:00Z,https://crests.football-data.org/470.png,https://crests.football-data.org/454.png,H,0.1867885237182005,0.26806340210441715,0.5451480741773823,H,1.6,0.9
2026-09-06,3,Bologna,Sassuolo,FINISHED,2.0,2.0,2026-09-06T16:00:00Z,https://crests.football-data.org/103.png,https://crests.football-data.org/471.png,D,0.16524556312493627,0.3217447016791356,0.5130097351959281,H,1.6,1.0
2026-09-06,3,Juventus,Milan,FINISHED,1.0,1.0,2026-09-06T18:45:00Z,https://crests.football-data.org/109.png,https://crests.football-data.org/98.png,D,0.2796834556103464,0.24431713532420868,0.47599940906544486,H,1.4,1.1
2026-09-07,3,Cagliari,Lecce,FINISHED,1.0,0.0,2026-09-07T16:30:00Z,https://crests.football-data.org/104.png,https://crests.football-data.org/5890.png,H,0.1583499282544486,0.40035947416448514,0.4412905975810663,H,1.6,0.9
2026-09-07,3,Udinese,Lazio,FINISHED,1.0,2.0,2026-09-07T18:45:00Z,https://crests.football-data.org/115.png,https://crests.football-data.org/110.png,A,0.40958559742417905,0.28849048032104063,0.3019239222547804,A,1.2,1.3
2026-09-11,4,Venezia,Fiorentina,FINISHED,2.0,4.0,2026-09-11T18:45:00Z,https://crests.football-data.org/454.png,https://crests.football-data.org/99.png,A,0.3640335161677888,0.32252618182089604,0.31344030201131506,A,1.3,1.3
2026-09-12,4,Genoa,Frosinone,FINISHED,1.0,1.0,2026-09-12T13:00:00Z,https://crests.football-data.org/107.png,https://crests.football-data.org/470.png,D,0.23225463310131175,0.3422063286452036,0.4255390382534846,H,1.3,1.0
2026-09-12,4,Lazio,Milan,FINISHED,2.0,2.0,2026-09-12T16:00:00Z,https://crests.football-data.org/110.png,https://crests.football-data.org/98.png,D,0.2681500119878857,0.24925990144189752,0.48259008657021685,H,1.5,1.0
2026-09-12,4,Atalanta,Cagliari,FINISHED,1.0,2.0,2026-09-12T18:45:00Z,https://crests.football-data.org/102.png,https://crests.football-data.org/104.png,A,0.13887180906670632,0.2704924196627272,0.5906357712705665,H,1.9,1.0
2026-09-13,4,Lecce,Monza,FINISHED,3.0,2.0,2026-09-13T13:00:00Z,https://crests.football-data.org/5890.png,https://crests.football-data.org/5911.png,H,0.2157042490289005,0.29582984345818714,0.4884659075129123,H,1.6,0.9
2026-09-13,4,Napoli,Bologna,FINISHED,1.0,0.0,2026-09-13T16:00:00Z,https://crests.football-data.org/113.png,https://crests.football-data.org/103.png,H,0.13201847615899806,0.20163197002647423,0.6663495538145278,H,2.2,1.0
2026-09-13,4,Sassuolo,Juventus,FINISHED,3.0,2.0,2026-09-13T18:45:00Z,https://crests.football-data.org/471.png,https://crests.football-data.org/109.png,H,0.49379606069736925,0.24023096463898294,0.26597297466364783,A,1.2,1.7
2026-09-14,4,Como,Parma,FINISHED,2.0,1.0,2026-09-14T16:30:00Z,https://crests.football-data.org/7397.png,https://crests.football-data.org/112.png,H,0.10627303210864322,0.23090895193686176,0.662818015954495,H,2.0,0.9
2026-09-14,4,Torino,Roma,FINISHED,0.0,2.0,2026-09-14T16:30:00Z,https://crests.football-data.org/586.png,https://crests.football-data.org/100.png,A,0.5937988160818485,0.23865536900727222,0.16754581491087928,A,1.2,1.5
2026-09-14,4,Inter,Udinese,FINISHED,5.0,3.0,2026-09-14T18:45:00Z,https://crests.football-data.org/108.png,https://crests.football-data.org/115.png,H,0.08846280115401485,0.12571002508286785,0.7858271737631174,H,2.4,0.7
2026-09-18,5,Monza,Sassuolo,FINISHED,2.0,1.0,2026-09-18T18:45:00Z,https://crests.football-data.org/5911.png,https://crests.football-data.org/471.png,H,0.34771288710570264,0.29051214366662875,0.36177496922766855,H,1.4,1.3
2026-09-19,5,Bologna,Torino,FINISHED,1.0,1.0,2026-09-19T13:00:00Z,https://crests.football-data.org/103.png,https://crests.football-data.org/586.png,D,0.19316096133013105,0.3160286989327275,0.4908103397371413,H,1.5,0.9
2026-09-19,5,Udinese,Cagliari,FINISHED,0.0,1.0,2026-09-19T13:00:00Z,https://crests.football-data.org/115.png,https://crests.football-data.org/104.png,A,0.21542538156401392,0.32491042352058364,0.45966419491540245,H,1.5,1.1
2026-09-19,5,Roma,Inter,FINISHED,2.0,2.0,2026-09-19T16:00:00Z,https://crests.football-data.org/100.png,https://crests.football-data.org/108.png,D,0.4146261622603304,0.26569901881025687,0.31967481892941263,A,1.5,1.3
2026-09-19,5,Venezia,Lazio,FINISHED,0.0,2.0,2026-09-19T18:45:00Z,https://crests.football-data.org/454.png,https://crests.football-data.org/110.png,A,0.5246302849055636,0.26173054571595983,0.21363916937847655,A,0.9,1.8
2026-09-20,5,Fiorentina,Napoli,TIMED,,,2026-09-20T10:30:00Z,https://crests.football-data.org/99.png,https://crests.football-data.org/113.png,,0.4574447136300328,0.2816254610586469,0.26092982531132036,A,1.2,1.5
2026-09-20,5,Frosinone,Como,TIMED,,,2026-09-20T13:00:00Z,https://crests.football-data.org/470.png,https://crests.football-data.org/7397.png,,0.5263067413413777,0.24256517052342222,0.23112808813520022,A,1.2,1.6
2026-09-20,5,Parma,Genoa,TIMED,,,2026-09-20T13:00:00Z,https://crests.football-data.org/112.png,https://crests.football-data.org/107.png,,0.17988066570696312,0.3119229648081419,0.508196369484895,H,1.5,0.9
2026-09-20,5,Juventus,Atalanta,TIMED,,,2026-09-20T16:00:00Z,https://crests.football-data.org/109.png,https://crests.football-data.org/102.png,,0.22408582217220815,0.24614540058215814,0.5297687772456338,H,1.7,1.1
2026-09-20,5,Milan,Lecce,TIMED,,,2026-09-20T18:45:00Z,https://crests.football-data.org/98.png,https://crests.football-data.org/5890.png,,0.12844798726077036,0.233114450062021,0.6384375626772087,H,2.0,0.8
2026-10-10,6,Genoa,Fiorentina,TIMED,,,2026-10-10T13:00:00Z,https://crests.football-data.org/107.png,https://crests.football-data.org/99.png,,0.24111734921312347,0.33717072147339355,0.42171192931348306,H,1.3,1.0
2026-10-10,6,Inter,Parma,TIMED,,,2026-10-10T16:00:00Z,https://crests.football-data.org/108.png,https://crests.football-data.org/112.png,,0.08966578372738306,0.13524935439766098,0.7750848618749561,H,2.4,0.8
2026-10-10,6,Napoli,Frosinone,TIMED,,,2026-10-10T18:45:00Z,https://crests.football-data.org/113.png,https://crests.football-data.org/470.png,,0.13335438174251427,0.22769256037996552,0.6389530578775202,H,2.0,1.0
2026-10-11,6,Como,Roma,TIMED,,,2026-10-11T10:30:00Z,https://crests.football-data.org/7397.png,https://crests.football-data.org/100.png,,0.3273654741318168,0.33202770499865053,0.3406068208695327,H,1.3,1.2
2026-10-11,6,Lecce,Bologna,TIMED,,,2026-10-11T13:00:00Z,https://crests.football-data.org/5890.png,https://crests.football-data.org/103.png,,0.2536496964523356,0.29165104438021633,0.45469925916744813,H,1.3,1.5
2026-10-11,6,Lazio,Monza,TIMED,,,2026-10-11T13:00:00Z,https://crests.football-data.org/110.png,https://crests.football-data.org/5911.png,,0.09156348148962948,0.15094304176092851,0.757493476749442,H,2.3,0.8
2026-10-11,6,Sassuolo,Milan,TIMED,,,2026-10-11T16:00:00Z,https://crests.football-data.org/471.png,https://crests.football-data.org/98.png,,0.49379606069736925,0.24023096463898294,0.26597297466364783,A,1.2,1.7
2026-10-11,6,Cagliari,Juventus,TIMED,,,2026-10-11T18:45:00Z,https://crests.football-data.org/104.png,https://crests.football-data.org/109.png,,0.37506612251425875,0.28515619464649283,0.33977768283924836,A,1.3,1.1
2026-10-12,6,Atalanta,Venezia,TIMED,,,2026-10-12T16:30:00Z,https://crests.football-data.org/102.png,https://crests.football-data.org/454.png,,0.10262562569484579,0.17413060981383074,0.7232437644913234,H,2.1,0.9
2026-10-12,6,Torino,Udinese,TIMED,,,2026-10-12T18:45:00Z,https://crests.football-data.org/586.png,https://crests.football-data.org/115.png,,0.21412660910566708,0.3330345648426869,0.452838826051646,H,1.7,1.1
2026-10-16,7,Frosinone,Sassuolo,TIMED,,,2026-10-16T18:45:00Z,https://crests.football-data.org/470.png,https://crests.football-data.org/471.png,,0.17624570519422708,0.328476148331573,0.4952781464741999,H,1.5,1.0
2026-10-17,7,Venezia,Napoli,TIMED,,,2026-10-17T13:00:00Z,https://crests.football-data.org/454.png,https://crests.football-data.org/113.png,,0.5244704302138731,0.24926815708335345,0.2262614127027734,A,0.9,1.6
2026-10-17,7,Bologna,Inter,TIMED,,,2026-10-17T16:00:00Z,https://crests.football-data.org/103.png,https://crests.football-data.org/108.png,,0.5468973344050411,0.2604198515878291,0.19268281400712975,A,0.9,1.5
2026-10-17,7,Roma,Genoa,TIMED,,,2026-10-17T18:45:00Z,https://crests.football-data.org/100.png,https://crests.football-data.org/107.png,,0.09228885451827522,0.17953088371144577,0.7281802617702791,H,2.3,0.8
2026-10-18,7,Udinese,Lecce,TIMED,,,2026-10-18T10:30:00Z,https://crests.football-data.org/115.png,https://crests.football-data.org/5890.png,,0.2073248840895321,0.3291722721741066,0.4635028437363612,H,1.5,1.0
2026-10-18,7,Fiorentina,Como,TIMED,,,2026-10-18T13:00:00Z,https://crests.football-data.org/99.png,https://crests.football-data.org/7397.png,,0.4978235179114337,0.2607727166469586,0.24140376544160777,A,1.2,1.6
2026-10-18,7,Milan,Atalanta,TIMED,,,2026-10-18T16:00:00Z,https://crests.football-data.org/98.png,https://crests.football-data.org/102.png,,0.22408582217220815,0.24614540058215814,0.5297687772456338,H,1.7,1.1
2026-10-18,7,Juventus,Lazio,TIMED,,,2026-10-18T18:45:00Z,https://crests.football-data.org/109.png,https://crests.football-data.org/110.png,,0.2324133113442056,0.28964772623800866,0.47793896241778566,H,1.8,1.2
2026-10-19,7,Monza,Cagliari,TIMED,,,2026-10-19T16:30:00Z,https://crests.football-data.org/5911.png,https://crests.football-data.org/104.png,,0.3763975681519118,0.3186786691056557,0.30492376274243266,A,1.4,1.2
2026-10-19,7,Parma,Torino,TIMED,,,2026-10-19T18:45:00Z,https://crests.football-data.org/112.png,https://crests.football-data.org/586.png,,0.22546659958803836,0.3240757988086842,0.4504576016032774,H,1.4,1.0
2026-10-23,8,Torino,Monza,TIMED,,,2026-10-23T18:45:00Z,https://crests.football-data.org/586.png,https://crests.football-data.org/5911.png,,0.20081095853604067,0.31718478890486,0.48200425255909934,H,1.8,0.9
2026-10-24,8,Cagliari,Bologna,TIMED,,,2026-10-24T13:00:00Z,https://crests.football-data.org/104.png,https://crests.football-data.org/103.png,,0.18737578736884053,0.342936475968327,0.46968773666283264,H,1.6,1.2
2026-10-24,8,Como,Sassuolo,TIMED,,,2026-10-24T13:00:00Z,https://crests.football-data.org/7397.png,https://crests.football-data.org/471.png,,0.10778793782467169,0.222932262637315,0.6692797995380134,H,2.1,0.9
2026-10-24,8,Napoli,Roma,TIMED,,,2026-10-24T16:00:00Z,https://crests.football-data.org/113.png,https://crests.football-data.org/100.png,,0.3470687477873225,0.31467880236090845,0.33825244985176905,A,1.2,1.2
2026-10-24,8,Lazio,Parma,TIMED,,,2026-10-24T18:45:00Z,https://crests.football-data.org/110.png,https://crests.football-data.org/112.png,,0.11625728687939278,0.23006971128961748,0.6536730018309898,H,1.9,0.8
2026-10-25,8,Inter,Fiorentina,TIMED,,,2026-10-25T11:30:00Z,https://crests.football-data.org/108.png,https://crests.football-data.org/99.png,,0.08752677784119546,0.12744032709480782,0.7850328950639966,H,2.2,0.8
2026-10-25,8,Atalanta,Frosinone,TIMED,,,2026-10-25T14:00:00Z,https://crests.football-data.org/102.png,https://crests.football-data.org/470.png,,0.14317664742057964,0.2593131683802104,0.5975101841992099,H,1.8,1.0
2026-10-25,8,Genoa,Venezia,TIMED,,,2026-10-25T14:00:00Z,https://crests.football-data.org/107.png,https://crests.football-data.org/454.png,,0.1705915231425529,0.28906742016323883,0.5403410566942083,H,1.6,0.9
2026-10-25,8,Lecce,Juventus,TIMED,,,2026-10-25T17:00:00Z,https://crests.football-data.org/5890.png,https://crests.football-data.org/109.png,,0.5244773761367577,0.22144652375045676,0.2540761001127856,A,1.0,1.6
2026-10-25,8,Udinese,Milan,TIMED,,,2026-10-25T19:45:00Z,https://crests.football-data.org/115.png,https://crests.football-data.org/98.png,,0.4867941020642571,0.24561895779897808,0.2675869401367648,A,1.2,1.5
2026-10-27,9,Sassuolo,Lazio,TIMED,,,2026-10-27T17:30:00Z,https://crests.football-data.org/471.png,https://crests.football-data.org/110.png,,0.42222950744624343,0.2815674209491611,0.2962030716045955,A,1.2,1.5
2026-10-27,9,Roma,Cagliari,TIMED,,,2026-10-27T19:45:00Z,https://crests.football-data.org/100.png,https://crests.football-data.org/104.png,,0.10106105069469948,0.21057347246856814,0.6883654768367323,H,2.1,0.9
2026-10-27,9,Torino,Como,TIMED,,,2026-10-27T19:45:00Z,https://crests.football-data.org/586.png,https://crests.football-data.org/7397.png,,0.5133395683731038,0.2561307646019152,0.2305296670249811,A,1.4,1.6
2026-10-28,9,Milan,Bologna,TIMED,,,2026-10-28T17:30:00Z,https://crests.football-data.org/98.png,https://crests.football-data.org/103.png,,0.1337449348506036,0.20426879236593604,0.6619862727834604,H,2.1,0.9
2026-10-28,9,Venezia,Inter,TIMED,,,2026-10-28T17:30:00Z,https://crests.football-data.org/454.png,https://crests.football-data.org/108.png,,0.601100363849216,0.23182755406242941,0.1670720820883546,A,0.8,1.9
2026-10-28,9,Parma,Udinese,TIMED,,,2026-10-28T17:30:00Z,https://crests.football-data.org/112.png,https://crests.football-data.org/115.png,,0.21608758663699704,0.32268097614991226,0.4612314372130907,H,1.5,1.0
2026-10-28,9,Genoa,Juventus,TIMED,,,2026-10-28T19:45:00Z,https://crests.football-data.org/107.png,https://crests.football-data.org/109.png,,0.4954581362732695,0.24999562676850032,0.2545462369582301,A,1.0,1.5
2026-10-28,9,Monza,Napoli,TIMED,,,2026-10-28T19:45:00Z,https://crests.football-data.org/5911.png,https://crests.football-data.org/113.png,,0.498385530302951,0.26775878029996303,0.23385568939708593,A,1.0,1.5
2026-10-29,9,Frosinone,Lecce,TIMED,,,2026-10-29T17:30:00Z,https://crests.football-data.org/470.png,https://crests.football-data.org/5890.png,,0.19405473744640417,0.3335226701920189,0.47242259236157697,H,1.5,0.9
2026-10-29,9,Fiorentina,Atalanta,TIMED,,,2026-10-29T19:45:00Z,https://crests.football-data.org/99.png,https://crests.football-data.org/102.png,,0.4088235039007154,0.29511962859619595,0.29605686750308857,A,1.1,1.4
2026-10-31,10,Bologna,Monza,TIMED,,,2026-10-31T14:00:00Z,https://crests.football-data.org/103.png,https://crests.football-data.org/5911.png,,0.17718828009047455,0.2910719369406978,0.5317397829688277,H,1.6,0.9
2026-10-31,10,Udinese,Roma,TIMED,,,2026-10-31T17:00:00Z,https://crests.football-data.org/115.png,https://crests.football-data.org/100.png,,0.58301357102878,0.24518579974867752,0.1718006292225425,A,1.0,1.5
2026-10-31,10,Milan,Inter,TIMED,,,2026-10-31T19:45:00Z,https://crests.football-data.org/98.png,https://crests.football-data.org/108.png,,0.4678438950607419,0.23825792197616924,0.29389818296308884,A,1.3,1.5
2026-11-01,10,Como,Venezia,TIMED,,,2026-11-01T11:30:00Z,https://crests.football-data.org/7397.png,https://crests.football-data.org/454.png,,0.08804732849459897,0.1410004380974865,0.7709522334079145,H,2.1,0.8
2026-11-01,10,Frosinone,Torino,TIMED,,,2026-11-01T14:00:00Z,https://crests.football-data.org/470.png,https://crests.football-data.org/586.png,,0.20183325302281932,0.32927130949582656,0.46889543748135404,H,1.4,0.9
2026-11-01,10,Lazio,Cagliari,TIMED,,,2026-11-01T14:00:00Z,https://crests.football-data.org/110.png,https://crests.football-data.org/104.png,,0.1306098525809865,0.26196412488465703,0.6074260225343564,H,2.0,0.9
2026-11-01,10,Lecce,Genoa,TIMED,,,2026-11-01T17:00:00Z,https://crests.football-data.org/5890.png,https://crests.football-data.org/107.png,,0.19628072470644117,0.30904454096051875,0.49467473433304004,H,1.5,1.0
2026-11-01,10,Juventus,Napoli,TIMED,,,2026-11-01T19:45:00Z,https://crests.football-data.org/109.png,https://crests.football-data.org/113.png,,0.32436620799331,0.3073512201632349,0.36828257184345503,H,1.4,1.3
2026-11-02,10,Sassuolo,Fiorentina,TIMED,,,2026-11-02T17:30:00Z,https://crests.football-data.org/471.png,https://crests.football-data.org/99.png,,0.23379160514131486,0.31665454430551193,0.4495538505531732,H,1.5,1.0
2026-11-02,10,Atalanta,Parma,TIMED,,,2026-11-02T19:45:00Z,https://crests.football-data.org/102.png,https://crests.football-data.org/112.png,,0.12794097120181375,0.251795028970021,0.6202639998281653,H,1.7,0.9
2026-11-06,11,Venezia,Udinese,TIMED,,,2026-11-06T19:45:00Z,https://crests.football-data.org/454.png,https://crests.football-data.org/115.png,,0.4321376966913739,0.28361599500704604,0.2842463083015801,A,1.3,1.3
2026-11-07,11,Torino,Lecce,TIMED,,,2026-11-07T14:00:00Z,https://crests.football-data.org/586.png,https://crests.football-data.org/5890.png,,0.2067239828587223,0.33844664768669425,0.4548293694545834,H,1.7,0.9
2026-11-07,11,Cagliari,Frosinone,TIMED,,,2026-11-07T14:00:00Z,https://crests.football-data.org/104.png,https://crests.football-data.org/470.png,,0.1697481167798374,0.397171593314729,0.43308028990543357,H,1.6,0.9
2026-11-07,11,Parma,Bologna,TIMED,,,2026-11-07T17:00:00Z,https://crests.football-data.org/112.png,https://crests.football-data.org/103.png,,0.23136105874016952,0.29921471318750187,0.4694242280723287,H,1.4,1.2
2026-11-07,11,Roma,Sassuolo,TIMED,,,2026-11-07T19:45:00Z,https://crests.football-data.org/100.png,https://crests.football-data.org/471.png,,0.0979900813037599,0.19922014894116,0.70278976975508,H,2.2,0.8
2026-11-08,11,Napoli,Lazio,TIMED,,,2026-11-08T11:30:00Z,https://crests.football-data.org/113.png,https://crests.football-data.org/110.png,,0.23239838091608495,0.2896933598701892,0.47790825921372576,H,1.9,1.1
2026-11-08,11,Genoa,Milan,TIMED,,,2026-11-08T14:00:00Z,https://crests.football-data.org/107.png,https://crests.football-data.org/98.png,,0.4954581362732695,0.24999562676850032,0.2545462369582301,A,1.0,1.6
2026-11-08,11,Monza,Atalanta,TIMED,,,2026-11-08T14:00:00Z,https://crests.football-data.org/5911.png,https://crests.football-data.org/102.png,,0.5193716636087118,0.24073273865931186,0.2398955977319763,A,1.0,1.8
2026-11-08,11,Inter,Como,TIMED,,,2026-11-08T17:00:00Z,https://crests.football-data.org/108.png,https://crests.football-data.org/7397.png,,0.2992739266659801,0.19330699903311127,0.5074190743009086,H,1.4,1.2
2026-11-08,11,Fiorentina,Juventus,TIMED,,,2026-11-08T19:45:00Z,https://crests.football-data.org/99.png,https://crests.football-data.org/109.png,,0.48421619253446124,0.24513247719779874,0.27065133026773996,A,1.2,1.6
2026-11-21,12,Como,Cagliari,TIMED,,,2026-11-21T14:00:00Z,https://crests.football-data.org/7397.png,https://crests.football-data.org/104.png,,0.1261921087047763,0.2581631537228472,0.6156447375723765,H,2.1,1.0
2026-11-21,12,Lazio,Lecce,TIMED,,,2026-11-21T14:00:00Z,https://crests.football-data.org/110.png,https://crests.football-data.org/5890.png,,0.12185097313229064,0.2516947707112301,0.6264542561564792,H,1.9,0.8
2026-11-21,12,Parma,Roma,TIMED,,,2026-11-21T17:00:00Z,https://crests.football-data.org/112.png,https://crests.football-data.org/100.png,,0.5955611517999723,0.2577970279036164,0.1466418202964113,A,1.0,1.5
2026-11-21,12,Napoli,Torino,TIMED,,,2026-11-21T19:45:00Z,https://crests.football-data.org/113.png,https://crests.football-data.org/586.png,,0.12520271893489834,0.19062766190130329,0.6841696191637984,H,2.2,0.9
2026-11-22,12,Sassuolo,Genoa,TIMED,,,2026-11-22T11:30:00Z,https://crests.football-data.org/471.png,https://crests.football-data.org/107.png,,0.20163393268084945,0.3130119467023264,0.4853541206168241,H,1.5,1.0
2026-11-22,12,Milan,Frosinone,TIMED,,,2026-11-22T14:00:00Z,https://crests.football-data.org/98.png,https://crests.football-data.org/470.png,,0.13519459621308785,0.23083458795324918,0.6339708158336629,H,1.9,0.9
2026-11-22,12,Bologna,Udinese,TIMED,,,2026-11-22T17:00:00Z,https://crests.football-data.org/103.png,https://crests.football-data.org/115.png,,0.18206918698993038,0.3137619863537387,0.504168826656331,H,1.5,1.0
2026-11-22,12,Atalanta,Inter,TIMED,,,2026-11-22T19:45:00Z,https://crests.football-data.org/102.png,https://crests.football-data.org/108.png,,0.4643138565510954,0.25622008015231956,0.279466063296585,A,1.3,1.5
2026-11-23,12,Monza,Fiorentina,TIMED,,,2026-11-23T17:30:00Z,https://crests.football-data.org/5911.png,https://crests.football-data.org/99.png,,0.3019224554598796,0.3120401400243376,0.3860374045157828,H,1.4,1.3
2026-11-23,12,Juventus,Venezia,TIMED,,,2026-11-23T19:45:00Z,https://crests.football-data.org/109.png,https://crests.football-data.org/454.png,,0.0991502294250714,0.13032364709608701,0.7705261234788415,H,2.3,0.8
2026-11-29,13,Sassuolo,Napoli,SCHEDULED,,,2026-11-29T00:00:00Z,https://crests.football-data.org/471.png,https://crests.football-data.org/113.png,,0.46332859231208035,0.27924482065770834,0.2574265870302113,A,1.2,1.9
2026-11-29,13,Cagliari,Milan,SCHEDULED,,,2026-11-29T00:00:00Z,https://crests.football-data.org/104.png,https://crests.football-data.org/98.png,,0.37506612251425875,0.28515619464649283,0.33977768283924836,A,1.3,1.1
2026-11-29,13,Como,Juventus,SCHEDULED,,,2026-11-29T00:00:00Z,https://crests.football-data.org/7397.png,https://crests.football-data.org/109.png,,0.2792093653800917,0.2687461928247056,0.4520444417952027,H,1.4,1.1
2026-11-29,13,Roma,Monza,SCHEDULED,,,2026-11-29T00:00:00Z,https://crests.football-data.org/100.png,https://crests.football-data.org/5911.png,,0.08253323989633925,0.14293831191310646,0.7745284481905543,H,2.5,0.7
2026-11-29,13,Frosinone,Parma,SCHEDULED,,,2026-11-29T00:00:00Z,https://crests.football-data.org/470.png,https://crests.football-data.org/112.png,,0.21449972003657364,0.33086305807034033,0.45463722189308603,H,1.4,0.9
2026-11-29,13,Torino,Lazio,SCHEDULED,,,2026-11-29T00:00:00Z,https://crests.football-data.org/586.png,https://crests.football-data.org/110.png,,0.4237009212004849,0.29843256950025626,0.27786650929925893,A,1.4,1.4
2026-11-29,13,Venezia,Bologna,SCHEDULED,,,2026-11-29T00:00:00Z,https://crests.football-data.org/454.png,https://crests.football-data.org/103.png,,0.4574258891358306,0.27323779486682115,0.2693363159973483,A,1.0,1.7
2026-11-29,13,Lecce,Atalanta,SCHEDULED,,,2026-11-29T00:00:00Z,https://crests.football-data.org/5890.png,https://crests.football-data.org/102.png,,0.4257169854265496,0.2730379947823707,0.30124501979107965,A,1.0,1.6
2026-11-29,13,Udinese,Fiorentina,SCHEDULED,,,2026-11-29T00:00:00Z,https://crests.football-data.org/115.png,https://crests.football-data.org/99.png,,0.22487185127239048,0.31812170027307546,0.45700644845453403,H,1.5,1.1
2026-11-29,13,Inter,Genoa,SCHEDULED,,,2026-11-29T00:00:00Z,https://crests.football-data.org/108.png,https://crests.football-data.org/107.png,,0.08630213014275451,0.1218491069866258,0.7918487628706197,H,2.4,0.7
2026-12-06,14,Genoa,Torino,SCHEDULED,,,2026-12-06T00:00:00Z,https://crests.football-data.org/107.png,https://crests.football-data.org/586.png,,0.24230150539035727,0.3310338063049799,0.4266646883046627,H,1.3,1.0
2026-12-06,14,Juventus,Udinese,SCHEDULED,,,2026-12-06T00:00:00Z,https://crests.football-data.org/109.png,https://crests.football-data.org/115.png,,0.1252893836163495,0.19005522140839914,0.6846553949752513,H,2.1,0.9
2026-12-06,14,Frosinone,Inter,SCHEDULED,,,2026-12-06T00:00:00Z,https://crests.football-data.org/470.png,https://crests.football-data.org/108.png,,0.6318601713036026,0.2080564970893554,0.16008333160704205,A,0.9,1.6
2026-12-06,14,Bologna,Roma,SCHEDULED,,,2026-12-06T00:00:00Z,https://crests.football-data.org/103.png,https://crests.football-data.org/100.png,,0.5028849205717988,0.28695836925373286,0.21015671017446833,A,1.0,1.2
2026-12-06,14,Fiorentina,Cagliari,SCHEDULED,,,2026-12-06T00:00:00Z,https://crests.football-data.org/99.png,https://crests.football-data.org/104.png,,0.2036643478060064,0.32544508442308506,0.47089056777090865,H,1.6,1.1
2026-12-06,14,Lazio,Atalanta,SCHEDULED,,,2026-12-06T00:00:00Z,https://crests.football-data.org/110.png,https://crests.football-data.org/102.png,,0.22569667167910043,0.25068763346206113,0.5236156948588384,H,1.7,1.0
2026-12-06,14,Milan,Parma,SCHEDULED,,,2026-12-06T00:00:00Z,https://crests.football-data.org/98.png,https://crests.football-data.org/112.png,,0.12307302795747398,0.2141641618666321,0.6627628101758939,H,2.0,0.8
2026-12-06,14,Venezia,Sassuolo,SCHEDULED,,,2026-12-06T00:00:00Z,https://crests.football-data.org/454.png,https://crests.football-data.org/471.png,,0.4017260368561861,0.29924343974167184,0.29903052340214203,A,1.3,1.3
2026-12-06,14,Monza,Como,SCHEDULED,,,2026-12-06T00:00:00Z,https://crests.football-data.org/5911.png,https://crests.football-data.org/7397.png,,0.5529948314834977,0.25899336290804115,0.18801180560846117,A,1.0,1.6
2026-12-06,14,Napoli,Lecce,SCHEDULED,,,2026-12-06T00:00:00Z,https://crests.football-data.org/113.png,https://crests.football-data.org/5890.png,,0.12604331475975797,0.22875031855940176,0.6452063666808402,H,2.0,0.9
2026-12-13,15,Napoli,Milan,SCHEDULED,,,2026-12-13T00:00:00Z,https://crests.football-data.org/113.png,https://crests.football-data.org/98.png,,0.277698747751095,0.24502621510880773,0.4772750371400972,H,1.4,1.1
2026-12-13,15,Como,Bologna,SCHEDULED,,,2026-12-13T00:00:00Z,https://crests.football-data.org/7397.png,https://crests.football-data.org/103.png,,0.1210384611129631,0.22335037852358725,0.6556111603634497,H,2.2,1.0
2026-12-13,15,Udinese,Frosinone,SCHEDULED,,,2026-12-13T00:00:00Z,https://crests.football-data.org/115.png,https://crests.football-data.org/470.png,,0.2183243914437729,0.32355967476841757,0.4581159337878094,H,1.5,1.2
2026-12-13,15,Lecce,Sassuolo,SCHEDULED,,,2026-12-13T00:00:00Z,https://crests.football-data.org/5890.png,https://crests.football-data.org/471.png,,0.2136250581121031,0.32155834211224177,0.46481659977565504,H,1.5,1.0
2026-12-13,15,Parma,Fiorentina,SCHEDULED,,,2026-12-13T00:00:00Z,https://crests.football-data.org/112.png,https://crests.football-data.org/99.png,,0.21306441996906494,0.3239253988109685,0.46301018121996657,H,1.4,1.0
2026-12-13,15,Cagliari,Venezia,SCHEDULED,,,2026-12-13T00:00:00Z,https://crests.football-data.org/104.png,https://crests.football-data.org/454.png,,0.15572779635934259,0.3234072761983001,0.5208649274423574,H,1.7,0.8
2026-12-13,15,Inter,Torino,SCHEDULED,,,2026-12-13T00:00:00Z,https://crests.football-data.org/108.png,https://crests.football-data.org/586.png,,0.08870880779426779,0.12567609832600493,0.7856150938797273,H,2.4,0.7
2026-12-13,15,Juventus,Monza,SCHEDULED,,,2026-12-13T00:00:00Z,https://crests.football-data.org/109.png,https://crests.football-data.org/5911.png,,0.10147241336887733,0.13298982573748933,0.7655377608936335,H,2.2,0.8
2026-12-13,15,Atalanta,Genoa,SCHEDULED,,,2026-12-13T00:00:00Z,https://crests.football-data.org/102.png,https://crests.football-data.org/107.png,,0.10036591043319269,0.21339038102955835,0.686243708537249,H,1.9,0.9
2026-12-13,15,Lazio,Roma,SCHEDULED,,,2026-12-13T00:00:00Z,https://crests.football-data.org/110.png,https://crests.football-data.org/100.png,,0.34262180250286894,0.2933363473978215,0.3640418500993095,H,1.2,1.3
2026-12-20,16,Milan,Como,SCHEDULED,,,2026-12-20T00:00:00Z,https://crests.football-data.org/98.png,https://crests.football-data.org/7397.png,,0.35480463095397924,0.29084955267879375,0.354345816367227,A,1.4,1.3
2026-12-20,16,Sassuolo,Parma,SCHEDULED,,,2026-12-20T00:00:00Z,https://crests.football-data.org/471.png,https://crests.football-data.org/112.png,,0.21813275283741793,0.3358437020050675,0.4460235451575145,H,1.4,0.9
2026-12-20,16,Roma,Juventus,SCHEDULED,,,2026-12-20T00:00:00Z,https://crests.football-data.org/100.png,https://crests.football-data.org/109.png,,0.22801528354328046,0.24017781620013948,0.5318069002565802,H,1.7,1.0
2026-12-20,16,Frosinone,Lazio,SCHEDULED,,,2026-12-20T00:00:00Z,https://crests.football-data.org/470.png,https://crests.football-data.org/110.png,,0.4224287434540195,0.28512486750341454,0.2924463890425661,A,1.2,1.4
2026-12-20,16,Atalanta,Napoli,SCHEDULED,,,2026-12-20T00:00:00Z,https://crests.football-data.org/102.png,https://crests.football-data.org/113.png,,0.32588055212157185,0.31055201390140047,0.36356743397702757,H,1.5,1.3
2026-12-20,16,Fiorentina,Bologna,SCHEDULED,,,2026-12-20T00:00:00Z,https://crests.football-data.org/99.png,https://crests.football-data.org/103.png,,0.2140308529978836,0.28398841232184063,0.5019807346802757,H,1.6,1.5
2026-12-20,16,Genoa,Udinese,SCHEDULED,,,2026-12-20T00:00:00Z,https://crests.football-data.org/107.png,https://crests.football-data.org/115.png,,0.24871008435902858,0.32694138723860156,0.4243485284023698,H,1.5,1.0
2026-12-20,16,Lecce,Inter,SCHEDULED,,,2026-12-20T00:00:00Z,https://crests.football-data.org/5890.png,https://crests.football-data.org/108.png,,0.6512345108173181,0.19545456680052248,0.15331092238215935,A,0.9,1.6
2026-12-20,16,Torino,Cagliari,SCHEDULED,,,2026-12-20T00:00:00Z,https://crests.football-data.org/586.png,https://crests.football-data.org/104.png,,0.21329909613486342,0.34789815235746885,0.4388027515076678,H,1.7,1.0
2026-12-20,16,Venezia,Monza,SCHEDULED,,,2026-12-20T00:00:00Z,https://crests.football-data.org/454.png,https://crests.football-data.org/5911.png,,0.2857153574724125,0.317656054042204,0.39662858848538346,H,1.3,1.3
2027-01-03,17,Udinese,Atalanta,SCHEDULED,,,2027-01-03T00:00:00Z,https://crests.football-data.org/115.png,https://crests.football-data.org/102.png,,0.40572743146229845,0.2919117940891701,0.30236077444853154,A,1.1,1.4
2027-01-03,17,Como,Lecce,SCHEDULED,,,2027-01-03T00:00:00Z,https://crests.football-data.org/7397.png,https://crests.football-data.org/5890.png,,0.11577115157580127,0.25501677935194944,0.6292120690722494,H,2.0,0.9
2027-01-03,17,Roma,Frosinone,SCHEDULED,,,2027-01-03T00:00:00Z,https://crests.football-data.org/100.png,https://crests.football-data.org/470.png,,0.09623993987918894,0.1957796934318546,0.7079803666889565,H,2.1,0.9
2027-01-03,17,Parma,Napoli,SCHEDULED,,,2027-01-03T00:00:00Z,https://crests.football-data.org/112.png,https://crests.football-data.org/113.png,,0.4609839849659477,0.28352438004158076,0.25549163499247135,A,1.0,1.6
2027-01-03,17,Cagliari,Genoa,SCHEDULED,,,2027-01-03T00:00:00Z,https://crests.football-data.org/104.png,https://crests.football-data.org/107.png,,0.14897145740221746,0.34160785377876685,0.5094206888190158,H,1.7,0.9
2027-01-03,17,Torino,Venezia,SCHEDULED,,,2027-01-03T00:00:00Z,https://crests.football-data.org/586.png,https://crests.football-data.org/454.png,,0.2012539497454105,0.2781159407261033,0.5206301095284862,H,1.9,0.9
2027-01-03,17,Monza,Milan,SCHEDULED,,,2027-01-03T00:00:00Z,https://crests.football-data.org/5911.png,https://crests.football-data.org/98.png,,0.5508019012971092,0.2337775573371656,0.2154205413657253,A,1.0,1.6
2027-01-03,17,Inter,Sassuolo,SCHEDULED,,,2027-01-03T00:00:00Z,https://crests.football-data.org/108.png,https://crests.football-data.org/471.png,,0.0848870930757214,0.13008492240443573,0.7850279845198429,H,2.3,0.8
2027-01-03,17,Bologna,Juventus,SCHEDULED,,,2027-01-03T00:00:00Z,https://crests.football-data.org/103.png,https://crests.football-data.org/109.png,,0.38280254098765515,0.291212447643739,0.32598501136860586,A,1.1,1.2
2027-01-03,17,Fiorentina,Lazio,SCHEDULED,,,2027-01-03T00:00:00Z,https://crests.football-data.org/99.png,https://crests.football-data.org/110.png,,0.40955425411551105,0.2894297839339589,0.3010159619505301,A,1.2,1.5
2027-01-06,18,Frosinone,Bologna,SCHEDULED,,,2027-01-06T00:00:00Z,https://crests.football-data.org/470.png,https://crests.football-data.org/103.png,,0.2350472886889613,0.2982925388861786,0.46666017242485996,H,1.4,1.2
2027-01-06,18,Sassuolo,Udinese,SCHEDULED,,,2027-01-06T00:00:00Z,https://crests.football-data.org/471.png,https://crests.football-data.org/115.png,,0.23882381235386477,0.3151410045806371,0.4460351830654981,H,1.5,1.0
2027-01-06,18,Genoa,Monza,SCHEDULED,,,2027-01-06T00:00:00Z,https://crests.football-data.org/107.png,https://crests.football-data.org/5911.png,,0.1713143153167252,0.32520505354279267,0.5034806311404821,H,1.6,0.9
2027-01-06,18,Venezia,Roma,SCHEDULED,,,2027-01-06T00:00:00Z,https://crests.football-data.org/454.png,https://crests.football-data.org/100.png,,0.5704363238360407,0.2721274409888644,0.15743623517509497,A,0.8,1.5
2027-01-06,18,Napoli,Cagliari,SCHEDULED,,,2027-01-06T00:00:00Z,https://crests.football-data.org/113.png,https://crests.football-data.org/104.png,,0.12931375009865909,0.24051427282053955,0.6301719770808013,H,2.1,0.9
2027-01-06,18,Milan,Fiorentina,SCHEDULED,,,2027-01-06T00:00:00Z,https://crests.football-data.org/98.png,https://crests.football-data.org/99.png,,0.1265452974427306,0.19224413797708795,0.6812105645801815,H,1.8,0.9
2027-01-06,18,Juventus,Torino,SCHEDULED,,,2027-01-06T00:00:00Z,https://crests.football-data.org/109.png,https://crests.football-data.org/586.png,,0.12676618120377955,0.1902869667902887,0.6829468520059317,H,2.2,0.8
2027-01-06,18,Atalanta,Como,SCHEDULED,,,2027-01-06T00:00:00Z,https://crests.football-data.org/102.png,https://crests.football-data.org/7397.png,,0.3638618786586778,0.28554284020801185,0.3505952811333103,A,1.4,1.3
2027-01-06,18,Lazio,Inter,SCHEDULED,,,2027-01-06T00:00:00Z,https://crests.football-data.org/110.png,https://crests.football-data.org/108.png,,0.46404658759930234,0.23276230219479022,0.30319111020590744,A,1.3,1.4
2027-01-06,18,Lecce,Parma,SCHEDULED,,,2027-01-06T00:00:00Z,https://crests.football-data.org/5890.png,https://crests.football-data.org/112.png,,0.22086229448104744,0.32741475610848886,0.45172294941046376,H,1.4,0.9
2027-01-10,19,Fiorentina,Lecce,SCHEDULED,,,2027-01-10T00:00:00Z,https://crests.football-data.org/99.png,https://crests.football-data.org/5890.png,,0.18163482398976555,0.31444456159109857,0.5039206144191359,H,1.6,0.9
2027-01-10,19,Udinese,Napoli,SCHEDULED,,,2027-01-10T00:00:00Z,https://crests.football-data.org/115.png,https://crests.football-data.org/113.png,,0.4618322827301159,0.28338223487678516,0.25478548239309884,A,1.2,1.5
2027-01-10,19,Torino,Atalanta,SCHEDULED,,,2027-01-10T00:00:00Z,https://crests.football-data.org/586.png,https://crests.football-data.org/102.png,,0.41005066305722615,0.2977902349538094,0.29215910198896444,A,1.3,1.4
2027-01-10,19,Monza,Frosinone,SCHEDULED,,,2027-01-10T00:00:00Z,https://crests.football-data.org/5911.png,https://crests.football-data.org/470.png,,0.36612467271551324,0.2946919192366852,0.3391834080478015,A,1.3,1.3
2027-01-10,19,Inter,Juventus,SCHEDULED,,,2027-01-10T00:00:00Z,https://crests.football-data.org/108.png,https://crests.football-data.org/109.png,,0.2217855038977655,0.1739316827078403,0.6042828133943942,H,1.7,1.2
2027-01-10,19,Parma,Venezia,SCHEDULED,,,2027-01-10T00:00:00Z,https://crests.football-data.org/112.png,https://crests.football-data.org/454.png,,0.19134186535452227,0.2810906743093729,0.5275674603361048,H,1.7,0.9
2027-01-10,19,Bologna,Genoa,SCHEDULED,,,2027-01-10T00:00:00Z,https://crests.football-data.org/103.png,https://crests.football-data.org/107.png,,0.15507962705434392,0.29682523940334027,0.5480951335423158,H,1.5,0.9
2027-01-10,19,Cagliari,Sassuolo,SCHEDULED,,,2027-01-10T00:00:00Z,https://crests.football-data.org/104.png,https://crests.football-data.org/471.png,,0.15505184211053988,0.36480122715928875,0.4801469307301713,H,1.7,0.9
2027-01-10,19,Como,Lazio,SCHEDULED,,,2027-01-10T00:00:00Z,https://crests.football-data.org/7397.png,https://crests.football-data.org/110.png,,0.24079434975276143,0.2980936568292909,0.4611119934179477,H,1.7,1.1
2027-01-10,19,Roma,Milan,SCHEDULED,,,2027-01-10T00:00:00Z,https://crests.football-data.org/100.png,https://crests.football-data.org/98.png,,0.22801528354328046,0.24017781620013948,0.5318069002565802,H,1.7,1.0
2027-01-17,20,Milan,Torino,SCHEDULED,,,2027-01-17T00:00:00Z,https://crests.football-data.org/98.png,https://crests.football-data.org/586.png,,0.1284657985909741,0.19283823901638336,0.6786959623926425,H,2.2,0.8
2027-01-17,20,Parma,Inter,SCHEDULED,,,2027-01-17T00:00:00Z,https://crests.football-data.org/112.png,https://crests.football-data.org/108.png,,0.6211889747752002,0.22266688565678935,0.15614413956801054,A,0.9,1.7
2027-01-17,20,Juventus,Genoa,SCHEDULED,,,2027-01-17T00:00:00Z,https://crests.football-data.org/109.png,https://crests.football-data.org/107.png,,0.10250991245509612,0.17937407571757902,0.7181160118273248,H,2.1,0.8
2027-01-17,20,Lecce,Udinese,SCHEDULED,,,2027-01-17T00:00:00Z,https://crests.football-data.org/5890.png,https://crests.football-data.org/115.png,,0.23876007227562177,0.3161014482957114,0.4451384794286669,H,1.4,1.0
2027-01-17,20,Cagliari,Como,SCHEDULED,,,2027-01-17T00:00:00Z,https://crests.football-data.org/104.png,https://crests.football-data.org/7397.png,,0.41889908517068863,0.2597671127303992,0.3213338020989122,A,1.4,1.3
2027-01-17,20,Sassuolo,Monza,SCHEDULED,,,2027-01-17T00:00:00Z,https://crests.football-data.org/471.png,https://crests.football-data.org/5911.png,,0.17856736727955774,0.3332237040099323,0.48820892871051,H,1.6,0.9
2027-01-17,20,Napoli,Fiorentina,SCHEDULED,,,2027-01-17T00:00:00Z,https://crests.football-data.org/113.png,https://crests.football-data.org/99.png,,0.12552720124554176,0.1895478838769838,0.6849249148774744,H,1.9,0.9
2027-01-17,20,Lazio,Bologna,SCHEDULED,,,2027-01-17T00:00:00Z,https://crests.football-data.org/110.png,https://crests.football-data.org/103.png,,0.13271095528090568,0.21816721374374348,0.6491218309753507,H,1.9,0.9
2027-01-17,20,Venezia,Frosinone,SCHEDULED,,,2027-01-17T00:00:00Z,https://crests.football-data.org/454.png,https://crests.football-data.org/470.png,,0.4175652577915391,0.303616743915887,0.278817998292574,A,1.1,1.3
2027-01-17,20,Atalanta,Roma,SCHEDULED,,,2027-01-17T00:00:00Z,https://crests.football-data.org/102.png,https://crests.football-data.org/100.png,,0.3639938571248098,0.2994280598350613,0.3365780830401288,A,1.3,1.3
2027-01-24,21,Lecce,Torino,SCHEDULED,,,2027-01-24T00:00:00Z,https://crests.football-data.org/5890.png,https://crests.football-data.org/586.png,,0.24065717576021567,0.3170046770626756,0.44233814717710873,H,1.3,1.0
2027-01-24,21,Juventus,Cagliari,SCHEDULED,,,2027-01-24T00:00:00Z,https://crests.football-data.org/109.png,https://crests.football-data.org/104.png,,0.12947440406362812,0.24081307763851745,0.6297125182978544,H,2.1,0.9
2027-01-24,21,Inter,Venezia,SCHEDULED,,,2027-01-24T00:00:00Z,https://crests.football-data.org/108.png,https://crests.football-data.org/454.png,,0.07951291572096535,0.1046666629226833,0.8158204213563515,H,2.4,0.6
2027-01-24,21,Fiorentina,Sassuolo,SCHEDULED,,,2027-01-24T00:00:00Z,https://crests.football-data.org/99.png,https://crests.football-data.org/471.png,,0.18378757173853477,0.30724161864107963,0.5089708096203857,H,1.6,1.1
2027-01-24,21,Frosinone,Milan,SCHEDULED,,,2027-01-24T00:00:00Z,https://crests.football-data.org/470.png,https://crests.football-data.org/98.png,,0.5003138880854945,0.24095275343793474,0.2587333584765708,A,1.2,1.6
2027-01-24,21,Roma,Udinese,SCHEDULED,,,2027-01-24T00:00:00Z,https://crests.football-data.org/100.png,https://crests.football-data.org/115.png,,0.09548940812745675,0.18776188249838502,0.7167487093741581,H,2.4,0.8
2027-01-24,21,Bologna,Atalanta,SCHEDULED,,,2027-01-24T00:00:00Z,https://crests.football-data.org/103.png,https://crests.football-data.org/102.png,,0.35897071325482754,0.32063215713807003,0.3203971296071025,A,1.1,1.1
2027-01-24,21,Genoa,Parma,SCHEDULED,,,2027-01-24T00:00:00Z,https://crests.football-data.org/107.png,https://crests.football-data.org/112.png,,0.21558918232169577,0.34096814269515036,0.44344267498315393,H,1.3,0.9
2027-01-24,21,Como,Napoli,SCHEDULED,,,2027-01-24T00:00:00Z,https://crests.football-data.org/7397.png,https://crests.football-data.org/113.png,,0.3197505910935048,0.3323510561997736,0.34789835270672154,H,1.4,1.3
2027-01-24,21,Monza,Lazio,SCHEDULED,,,2027-01-24T00:00:00Z,https://crests.football-data.org/5911.png,https://crests.football-data.org/110.png,,0.4982918514012441,0.28100713014034984,0.22070101845840612,A,1.0,1.7
2027-01-31,22,Milan,Juventus,SCHEDULED,,,2027-01-31T00:00:00Z,https://crests.football-data.org/98.png,https://crests.football-data.org/109.png,,0.2796834556103464,0.24431713532420868,0.47599940906544486,H,1.4,1.1
2027-01-31,22,Monza,Roma,SCHEDULED,,,2027-01-31T00:00:00Z,https://crests.football-data.org/5911.png,https://crests.football-data.org/100.png,,0.6043958065602014,0.24576672660398102,0.14983746683581747,A,0.9,1.5
2027-01-31,22,Torino,Frosinone,SCHEDULED,,,2027-01-31T00:00:00Z,https://crests.football-data.org/586.png,https://crests.football-data.org/470.png,,0.21236572367013595,0.3355694336944122,0.4520648426354517,H,1.7,1.0
2027-01-31,22,Udinese,Bologna,SCHEDULED,,,2027-01-31T00:00:00Z,https://crests.football-data.org/115.png,https://crests.football-data.org/103.png,,0.23306289664797156,0.29233614990834333,0.47460095344368514,H,1.4,1.4
2027-01-31,22,Sassuolo,Como,SCHEDULED,,,2027-01-31T00:00:00Z,https://crests.football-data.org/471.png,https://crests.football-data.org/7397.png,,0.514204748351982,0.24737617798488587,0.23841907366313203,A,1.2,1.8
2027-01-31,22,Genoa,Lecce,SCHEDULED,,,2027-01-31T00:00:00Z,https://crests.football-data.org/107.png,https://crests.football-data.org/5890.png,,0.21531720900132648,0.3354238574131654,0.449258933585508,H,1.3,0.9
2027-01-31,22,Cagliari,Parma,SCHEDULED,,,2027-01-31T00:00:00Z,https://crests.football-data.org/104.png,https://crests.football-data.org/112.png,,0.168830489200406,0.35976825252465083,0.4714012582749433,H,1.6,0.9
2027-01-31,22,Atalanta,Fiorentina,SCHEDULED,,,2027-01-31T00:00:00Z,https://crests.football-data.org/102.png,https://crests.football-data.org/99.png,,0.13060252437287634,0.23022263881938512,0.6391748368077386,H,1.8,0.9
2027-01-31,22,Lazio,Venezia,SCHEDULED,,,2027-01-31T00:00:00Z,https://crests.football-data.org/110.png,https://crests.football-data.org/454.png,,0.09364258202820491,0.1472687972140847,0.7590886207577104,H,2.3,0.8
2027-01-31,22,Napoli,Inter,SCHEDULED,,,2027-01-31T00:00:00Z,https://crests.football-data.org/113.png,https://crests.football-data.org/108.png,,0.46758613177779657,0.23867761140861024,0.29373625681359317,A,1.3,1.4
2027-02-07,23,Juventus,Sassuolo,SCHEDULED,,,2027-02-07T00:00:00Z,https://crests.football-data.org/109.png,https://crests.football-data.org/471.png,,0.117759614209964,0.21153286477465966,0.6707075210153762,H,2.1,0.9
2027-02-07,23,Inter,Cagliari,SCHEDULED,,,2027-02-07T00:00:00Z,https://crests.football-data.org/108.png,https://crests.football-data.org/104.png,,0.10115808709044756,0.15810498376059992,0.7407369291489526,H,2.3,0.9
2027-02-07,23,Como,Monza,SCHEDULED,,,2027-02-07T00:00:00Z,https://crests.football-data.org/7397.png,https://crests.football-data.org/5911.png,,0.08956493485703793,0.14910271131930222,0.7613323538236598,H,2.3,0.8
2027-02-07,23,Lecce,Napoli,SCHEDULED,,,2027-02-07T00:00:00Z,https://crests.football-data.org/5890.png,https://crests.football-data.org/113.png,,0.48399060461286264,0.26537233954519873,0.2506370558419387,A,1.0,1.8
2027-02-07,23,Venezia,Genoa,SCHEDULED,,,2027-02-07T00:00:00Z,https://crests.football-data.org/454.png,https://crests.football-data.org/107.png,,0.35865463341085985,0.30144159076304977,0.33990377582609027,A,1.3,1.3
2027-02-07,23,Roma,Torino,SCHEDULED,,,2027-02-07T00:00:00Z,https://crests.football-data.org/100.png,https://crests.football-data.org/586.png,,0.1000048774415678,0.18682454353696287,0.7131705790214694,H,2.2,0.8
2027-02-07,23,Atalanta,Lazio,SCHEDULED,,,2027-02-07T00:00:00Z,https://crests.football-data.org/102.png,https://crests.football-data.org/110.png,,0.23294252091339365,0.28213348835012064,0.48492399073648573,H,1.7,1.4
2027-02-07,23,Parma,Frosinone,SCHEDULED,,,2027-02-07T00:00:00Z,https://crests.football-data.org/112.png,https://crests.football-data.org/470.png,,0.22623234893429556,0.32024806592259714,0.45351958514310736,H,1.3,1.0
2027-02-07,23,Bologna,Milan,SCHEDULED,,,2027-02-07T00:00:00Z,https://crests.football-data.org/103.png,https://crests.football-data.org/98.png,,0.38280254098765515,0.291212447643739,0.32598501136860586,A,1.1,1.3
2027-02-07,23,Fiorentina,Udinese,SCHEDULED,,,2027-02-07T00:00:00Z,https://crests.football-data.org/99.png,https://crests.football-data.org/115.png,,0.21207182665803787,0.3020159949633184,0.4859121783786437,H,1.6,1.0
2027-02-14,24,Napoli,Juventus,SCHEDULED,,,2027-02-14T00:00:00Z,https://crests.football-data.org/113.png,https://crests.football-data.org/109.png,,0.277698747751095,0.24502621510880773,0.4772750371400972,H,1.4,1.1
2027-02-14,24,Monza,Lecce,SCHEDULED,,,2027-02-14T00:00:00Z,https://crests.football-data.org/5911.png,https://crests.football-data.org/5890.png,,0.3526856955486427,0.3060377248475242,0.34127657960383306,A,1.3,1.2
2027-02-14,24,Torino,Sassuolo,SCHEDULED,,,2027-02-14T00:00:00Z,https://crests.football-data.org/586.png,https://crests.football-data.org/471.png,,0.1909687771997179,0.33769438608701224,0.4713368367132698,H,1.8,1.1
2027-02-14,24,Frosinone,Fiorentina,SCHEDULED,,,2027-02-14T00:00:00Z,https://crests.football-data.org/470.png,https://crests.football-data.org/99.png,,0.20266904319924256,0.32294992389356675,0.47438103290719064,H,1.5,1.0
2027-02-14,24,Bologna,Como,SCHEDULED,,,2027-02-14T00:00:00Z,https://crests.football-data.org/103.png,https://crests.football-data.org/7397.png,,0.4204985580172727,0.2988789768175077,0.2806224651652197,A,1.1,1.2
2027-02-14,24,Roma,Parma,SCHEDULED,,,2027-02-14T00:00:00Z,https://crests.football-data.org/100.png,https://crests.football-data.org/112.png,,0.08996522862619619,0.18687121056640257,0.7231635608074012,H,2.1,0.8
2027-02-14,24,Udinese,Venezia,SCHEDULED,,,2027-02-14T00:00:00Z,https://crests.football-data.org/115.png,https://crests.football-data.org/454.png,,0.15238776571140755,0.28725821295270215,0.5603540213358903,H,1.7,1.0
2027-02-14,24,Genoa,Atalanta,SCHEDULED,,,2027-02-14T00:00:00Z,https://crests.football-data.org/107.png,https://crests.football-data.org/102.png,,0.4056787062976618,0.2932983178406943,0.30102297586164395,A,1.0,1.1
2027-02-14,24,Cagliari,Lazio,SCHEDULED,,,2027-02-14T00:00:00Z,https://crests.football-data.org/104.png,https://crests.football-data.org/110.png,,0.39161421294608817,0.26008993305282313,0.34829585400108876,A,1.3,1.1
2027-02-14,24,Inter,Milan,SCHEDULED,,,2027-02-14T00:00:00Z,https://crests.football-data.org/108.png,https://crests.football-data.org/98.png,,0.2217855038977655,0.1739316827078403,0.6042828133943942,H,1.7,1.2
2027-02-21,25,Como,Torino,SCHEDULED,,,2027-02-21T00:00:00Z,https://crests.football-data.org/7397.png,https://crests.football-data.org/586.png,,0.10745260582341164,0.20666757967631888,0.6858798145002695,H,2.2,0.9
2027-02-21,25,Atalanta,Monza,SCHEDULED,,,2027-02-21T00:00:00Z,https://crests.football-data.org/102.png,https://crests.football-data.org/5911.png,,0.10449774348758926,0.18617932196430503,0.7093229345481057,H,2.4,0.8
2027-02-21,25,Udinese,Parma,SCHEDULED,,,2027-02-21T00:00:00Z,https://crests.football-data.org/115.png,https://crests.football-data.org/112.png,,0.20526025629771893,0.3308630829436102,0.46387666075867073,H,1.4,1.0
2027-02-21,25,Juventus,Bologna,SCHEDULED,,,2027-02-21T00:00:00Z,https://crests.football-data.org/109.png,https://crests.football-data.org/103.png,,0.13201847615899806,0.20163197002647423,0.6663495538145278,H,2.2,0.9
2027-02-21,25,Fiorentina,Inter,SCHEDULED,,,2027-02-21T00:00:00Z,https://crests.football-data.org/99.png,https://crests.football-data.org/108.png,,0.6145730962219876,0.2218659396834408,0.16356096409457166,A,0.9,1.6
2027-02-21,25,Sassuolo,Roma,SCHEDULED,,,2027-02-21T00:00:00Z,https://crests.football-data.org/471.png,https://crests.football-data.org/100.png,,0.5956469549960588,0.23082646222517977,0.17352658277876146,A,1.0,1.6
2027-02-21,25,Milan,Genoa,SCHEDULED,,,2027-02-21T00:00:00Z,https://crests.football-data.org/98.png,https://crests.football-data.org/107.png,,0.10250991245509612,0.17937407571757902,0.7181160118273248,H,2.1,0.8
2027-02-21,25,Venezia,Cagliari,SCHEDULED,,,2027-02-21T00:00:00Z,https://crests.football-data.org/454.png,https://crests.football-data.org/104.png,,0.44276957127934385,0.3208114236694056,0.2364190050512505,A,1.1,1.3
2027-02-21,25,Lecce,Frosinone,SCHEDULED,,,2027-02-21T00:00:00Z,https://crests.football-data.org/5890.png,https://crests.football-data.org/470.png,,0.23508275130106437,0.31945594613423983,0.44546130256469585,H,1.3,1.1
2027-02-21,25,Lazio,Napoli,SCHEDULED,,,2027-02-21T00:00:00Z,https://crests.football-data.org/110.png,https://crests.football-data.org/113.png,,0.3161032962571888,0.30222007363919423,0.3816766301036169,H,1.4,1.3
2027-02-28,26,Inter,Atalanta,SCHEDULED,,,2027-02-28T00:00:00Z,https://crests.football-data.org/108.png,https://crests.football-data.org/102.png,,0.16722524923365018,0.1807423554569096,0.6520323953094402,H,1.8,1.2
2027-02-28,26,Cagliari,Udinese,SCHEDULED,,,2027-02-28T00:00:00Z,https://crests.football-data.org/104.png,https://crests.football-data.org/115.png,,0.16794865226182112,0.364825714173801,0.46722563356437785,H,1.6,0.9
2027-02-28,26,Parma,Sassuolo,SCHEDULED,,,2027-02-28T00:00:00Z,https://crests.football-data.org/112.png,https://crests.football-data.org/471.png,,0.19272039544362238,0.32720054928802994,0.4800790552683477,H,1.5,1.0
2027-02-28,26,Genoa,Lazio,SCHEDULED,,,2027-02-28T00:00:00Z,https://crests.football-data.org/107.png,https://crests.football-data.org/110.png,,0.42638693524383364,0.29814894960588,0.27546411515028646,A,1.0,1.2
2027-02-28,26,Roma,Venezia,SCHEDULED,,,2027-02-28T00:00:00Z,https://crests.football-data.org/100.png,https://crests.football-data.org/454.png,,0.08488842334303633,0.1345279300369623,0.7805836466200015,H,2.4,0.7
2027-02-28,26,Como,Milan,SCHEDULED,,,2027-02-28T00:00:00Z,https://crests.football-data.org/7397.png,https://crests.football-data.org/98.png,,0.2792093653800917,0.2687461928247056,0.4520444417952027,H,1.4,1.2
2027-02-28,26,Torino,Fiorentina,SCHEDULED,,,2027-02-28T00:00:00Z,https://crests.football-data.org/586.png,https://crests.football-data.org/99.png,,0.21046383875577648,0.3345867603282807,0.4549494009159427,H,1.7,1.0
2027-02-28,26,Bologna,Lecce,SCHEDULED,,,2027-02-28T00:00:00Z,https://crests.football-data.org/103.png,https://crests.football-data.org/5890.png,,0.18056780097566416,0.3212305947027246,0.4982016043216112,H,1.5,0.9
2027-02-28,26,Monza,Juventus,SCHEDULED,,,2027-02-28T00:00:00Z,https://crests.football-data.org/5911.png,https://crests.football-data.org/109.png,,0.5508019012971092,0.2337775573371656,0.2154205413657253,A,1.0,1.6
2027-02-28,26,Frosinone,Napoli,SCHEDULED,,,2027-02-28T00:00:00Z,https://crests.football-data.org/470.png,https://crests.football-data.org/113.png,,0.47488025512595006,0.27812831493446094,0.24699142993958906,A,1.2,1.7
2027-03-07,27,Udinese,Inter,SCHEDULED,,,2027-03-07T00:00:00Z,https://crests.football-data.org/115.png,https://crests.football-data.org/108.png,,0.6138509482639639,0.2221282038506293,0.16402084788540675,A,1.0,1.5
2027-03-07,27,Atalanta,Torino,SCHEDULED,,,2027-03-07T00:00:00Z,https://crests.football-data.org/102.png,https://crests.football-data.org/586.png,,0.13370553331449034,0.23288653416685354,0.6334079325186561,H,1.8,0.9
2027-03-07,27,Napoli,Parma,SCHEDULED,,,2027-03-07T00:00:00Z,https://crests.football-data.org/113.png,https://crests.football-data.org/112.png,,0.1199752395322948,0.21175909049066236,0.6682656699770428,H,2.0,0.9
2027-03-07,27,Lecce,Como,SCHEDULED,,,2027-03-07T00:00:00Z,https://crests.football-data.org/5890.png,https://crests.football-data.org/7397.png,,0.5413581061678053,0.2599511247692407,0.198690769062954,A,1.0,1.7
2027-03-07,27,Lazio,Frosinone,SCHEDULED,,,2027-03-07T00:00:00Z,https://crests.football-data.org/110.png,https://crests.football-data.org/470.png,,0.1286965735097564,0.2516426445148336,0.61966078197541,H,1.9,0.9
2027-03-07,27,Sassuolo,Bologna,SCHEDULED,,,2027-03-07T00:00:00Z,https://crests.football-data.org/471.png,https://crests.football-data.org/103.png,,0.23873109498455028,0.303048530452899,0.4582203745625506,H,1.4,1.4
2027-03-07,27,Monza,Genoa,SCHEDULED,,,2027-03-07T00:00:00Z,https://crests.football-data.org/5911.png,https://crests.football-data.org/107.png,,0.3027931035431081,0.2942665314520143,0.40294036500487757,H,1.5,1.3
2027-03-07,27,Fiorentina,Venezia,SCHEDULED,,,2027-03-07T00:00:00Z,https://crests.football-data.org/99.png,https://crests.football-data.org/454.png,,0.140499452238543,0.26911419447059964,0.5903863532908574,H,1.7,0.9
2027-03-07,27,Milan,Cagliari,SCHEDULED,,,2027-03-07T00:00:00Z,https://crests.football-data.org/98.png,https://crests.football-data.org/104.png,,0.13107334882017238,0.24378699986339336,0.6251396513164343,H,2.0,0.9
2027-03-07,27,Juventus,Roma,SCHEDULED,,,2027-03-07T00:00:00Z,https://crests.football-data.org/109.png,https://crests.football-data.org/100.png,,0.3493166705656443,0.3135593910072176,0.3371239384271381,A,1.2,1.3
2027-03-14,28,Bologna,Napoli,SCHEDULED,,,2027-03-14T00:00:00Z,https://crests.football-data.org/103.png,https://crests.football-data.org/113.png,,0.38159824951974824,0.3199933361933014,0.2984084142869503,A,1.0,1.2
2027-03-14,28,Cagliari,Fiorentina,SCHEDULED,,,2027-03-14T00:00:00Z,https://crests.football-data.org/104.png,https://crests.football-data.org/99.png,,0.17332194018609648,0.3560849326479797,0.47059312716592383,H,1.7,0.9
2027-03-14,28,Milan,Sassuolo,SCHEDULED,,,2027-03-14T00:00:00Z,https://crests.football-data.org/98.png,https://crests.football-data.org/471.png,,0.11930980824292449,0.21431749503137948,0.666372696725696,H,2.1,0.9
2027-03-14,28,Genoa,Roma,SCHEDULED,,,2027-03-14T00:00:00Z,https://crests.football-data.org/107.png,https://crests.football-data.org/100.png,,0.5673429720339419,0.27607453516578156,0.15658249280027645,A,1.0,1.5
2027-03-14,28,Parma,Lecce,SCHEDULED,,,2027-03-14T00:00:00Z,https://crests.football-data.org/112.png,https://crests.football-data.org/5890.png,,0.19932771324436846,0.32809402937095955,0.472578257384672,H,1.4,0.9
2027-03-14,28,Torino,Inter,SCHEDULED,,,2027-03-14T00:00:00Z,https://crests.football-data.org/586.png,https://crests.football-data.org/108.png,,0.6143125052552066,0.22229522293845413,0.16339227180633922,A,0.9,1.5
2027-03-14,28,Frosinone,Monza,SCHEDULED,,,2027-03-14T00:00:00Z,https://crests.football-data.org/470.png,https://crests.football-data.org/5911.png,,0.1914566784035817,0.3002373808829392,0.508305940713479,H,1.6,0.9
2027-03-14,28,Como,Udinese,SCHEDULED,,,2027-03-14T00:00:00Z,https://crests.football-data.org/7397.png,https://crests.football-data.org/115.png,,0.1080479047815088,0.2059403760529236,0.6860117191655676,H,2.4,0.9
2027-03-14,28,Lazio,Juventus,SCHEDULED,,,2027-03-14T00:00:00Z,https://crests.football-data.org/110.png,https://crests.football-data.org/109.png,,0.2681500119878857,0.24925990144189752,0.48259008657021685,H,1.5,1.0
2027-03-14,28,Venezia,Atalanta,SCHEDULED,,,2027-03-14T00:00:00Z,https://crests.football-data.org/454.png,https://crests.football-data.org/102.png,,0.5394601385848405,0.2469260553043148,0.21361380611084463,A,0.8,1.9
2027-03-21,29,Napoli,Venezia,SCHEDULED,,,2027-03-21T00:00:00Z,https://crests.football-data.org/113.png,https://crests.football-data.org/454.png,,0.09969161811863307,0.1302453257695505,0.7700630561118165,H,2.3,0.8
2027-03-21,29,Udinese,Torino,SCHEDULED,,,2027-03-21T00:00:00Z,https://crests.football-data.org/115.png,https://crests.football-data.org/586.png,,0.2253145593401683,0.3237697754185285,0.45091566524130317,H,1.5,1.1
2027-03-21,29,Juventus,Como,SCHEDULED,,,2027-03-21T00:00:00Z,https://crests.football-data.org/109.png,https://crests.football-data.org/7397.png,,0.35480463095397924,0.29084955267879375,0.354345816367227,A,1.4,1.3
2027-03-21,29,Fiorentina,Genoa,SCHEDULED,,,2027-03-21T00:00:00Z,https://crests.football-data.org/99.png,https://crests.football-data.org/107.png,,0.17153976813360222,0.30054039606469735,0.5279198358017004,H,1.6,0.9
2027-03-21,29,Parma,Lazio,SCHEDULED,,,2027-03-21T00:00:00Z,https://crests.football-data.org/112.png,https://crests.football-data.org/110.png,,0.4225085214390184,0.2994750094267379,0.2780164691342436,A,1.0,1.4
2027-03-21,29,Sassuolo,Cagliari,SCHEDULED,,,2027-03-21T00:00:00Z,https://crests.football-data.org/471.png,https://crests.football-data.org/104.png,,0.21497852746176446,0.33551064739385245,0.4495108251443831,H,1.5,1.2
2027-03-21,29,Monza,Bologna,SCHEDULED,,,2027-03-21T00:00:00Z,https://crests.football-data.org/5911.png,https://crests.football-data.org/103.png,,0.38519170618534976,0.2766756275502365,0.3381326662644137,A,1.2,1.5
2027-03-21,29,Inter,Frosinone,SCHEDULED,,,2027-03-21T00:00:00Z,https://crests.football-data.org/108.png,https://crests.football-data.org/470.png,,0.09675246447729384,0.14676062368370218,0.756486911839004,H,2.3,0.8
2027-03-21,29,Roma,Lecce,SCHEDULED,,,2027-03-21T00:00:00Z,https://crests.football-data.org/100.png,https://crests.football-data.org/5890.png,,0.09177290635471357,0.1961766771578285,0.7120504164874579,H,2.1,0.8
2027-03-21,29,Atalanta,Milan,SCHEDULED,,,2027-03-21T00:00:00Z,https://crests.football-data.org/102.png,https://crests.football-data.org/98.png,,0.2799359052763624,0.24823803575000883,0.4718260589736287,H,1.4,1.3
2027-04-04,30,Lecce,Lazio,SCHEDULED,,,2027-04-04T00:00:00Z,https://crests.football-data.org/5890.png,https://crests.football-data.org/110.png,,0.44849288977373086,0.278442288235925,0.27306482199034415,A,1.1,1.4
2027-04-04,30,Cagliari,Napoli,SCHEDULED,,,2027-04-04T00:00:00Z,https://crests.football-data.org/104.png,https://crests.football-data.org/113.png,,0.3677874724812726,0.31937289063075236,0.312839636887975,A,1.3,1.3
2027-04-04,30,Como,Fiorentina,SCHEDULED,,,2027-04-04T00:00:00Z,https://crests.football-data.org/7397.png,https://crests.football-data.org/99.png,,0.10767871124573102,0.20554009973629153,0.6867811890179775,H,2.1,0.9
2027-04-04,30,Sassuolo,Atalanta,SCHEDULED,,,2027-04-04T00:00:00Z,https://crests.football-data.org/471.png,https://crests.football-data.org/102.png,,0.40851361913532214,0.29276232519267603,0.2987240556720019,A,1.2,1.7
2027-04-04,30,Roma,Bologna,SCHEDULED,,,2027-04-04T00:00:00Z,https://crests.football-data.org/100.png,https://crests.football-data.org/103.png,,0.10157079751181997,0.18167721192238842,0.7167519905657915,H,2.2,0.9
2027-04-04,30,Milan,Monza,SCHEDULED,,,2027-04-04T00:00:00Z,https://crests.football-data.org/98.png,https://crests.football-data.org/5911.png,,0.10147241336887733,0.13298982573748933,0.7655377608936335,H,2.1,0.8
2027-04-04,30,Genoa,Inter,SCHEDULED,,,2027-04-04T00:00:00Z,https://crests.football-data.org/107.png,https://crests.football-data.org/108.png,,0.5949183664688719,0.23972779890345539,0.1653538346276728,A,0.9,1.6
2027-04-04,30,Torino,Juventus,SCHEDULED,,,2027-04-04T00:00:00Z,https://crests.football-data.org/586.png,https://crests.football-data.org/109.png,,0.49456242488146207,0.24953857668120527,0.2558989984373327,A,1.4,1.6
2027-04-04,30,Venezia,Parma,SCHEDULED,,,2027-04-04T00:00:00Z,https://crests.football-data.org/454.png,https://crests.football-data.org/112.png,,0.4219575883554585,0.2959099380758954,0.2821324735686461,A,1.0,1.3
2027-04-04,30,Frosinone,Udinese,SCHEDULED,,,2027-04-04T00:00:00Z,https://crests.football-data.org/470.png,https://crests.football-data.org/115.png,,0.20320292627622727,0.32332267635088274,0.47347439737288993,H,1.5,1.0
2027-04-11,31,Juventus,Lecce,SCHEDULED,,,2027-04-11T00:00:00Z,https://crests.football-data.org/109.png,https://crests.football-data.org/5890.png,,0.12684815271594638,0.23021098261141992,0.6429408646726337,H,2.0,0.8
2027-04-11,31,Napoli,Sassuolo,SCHEDULED,,,2027-04-11T00:00:00Z,https://crests.football-data.org/113.png,https://crests.football-data.org/471.png,,0.11700776298061544,0.2101823063043773,0.6728099307150072,H,2.1,0.9
2027-04-11,31,Fiorentina,Milan,SCHEDULED,,,2027-04-11T00:00:00Z,https://crests.football-data.org/99.png,https://crests.football-data.org/98.png,,0.48421619253446124,0.24513247719779874,0.27065133026773996,A,1.2,1.6
2027-04-11,31,Lazio,Torino,SCHEDULED,,,2027-04-11T00:00:00Z,https://crests.football-data.org/110.png,https://crests.football-data.org/586.png,,0.11965893904507827,0.2080564901398043,0.6722845708151174,H,2.0,0.8
2027-04-11,31,Cagliari,Atalanta,SCHEDULED,,,2027-04-11T00:00:00Z,https://crests.football-data.org/104.png,https://crests.football-data.org/102.png,,0.33657757671844,0.3643992206447089,0.29902320263685106,D,1.2,1.0
2027-04-11,31,Parma,Como,SCHEDULED,,,2027-04-11T00:00:00Z,https://crests.football-data.org/112.png,https://crests.football-data.org/7397.png,,0.5177493234088818,0.278876838382812,0.20337383820830615,A,1.0,1.6
2027-04-11,31,Bologna,Venezia,SCHEDULED,,,2027-04-11T00:00:00Z,https://crests.football-data.org/103.png,https://crests.football-data.org/454.png,,0.1782932960545658,0.24745287117798234,0.5742538327674519,H,1.6,0.9
2027-04-11,31,Frosinone,Genoa,SCHEDULED,,,2027-04-11T00:00:00Z,https://crests.football-data.org/470.png,https://crests.football-data.org/107.png,,0.17648543186949037,0.31620965568827925,0.5073049124422303,H,1.5,0.9
2027-04-11,31,Inter,Roma,SCHEDULED,,,2027-04-11T00:00:00Z,https://crests.football-data.org/108.png,https://crests.football-data.org/100.png,,0.28112191454494945,0.22822603078576345,0.49065205466928713,H,1.5,1.1
2027-04-11,31,Udinese,Monza,SCHEDULED,,,2027-04-11T00:00:00Z,https://crests.football-data.org/115.png,https://crests.football-data.org/5911.png,,0.15653939892198093,0.3239318573962115,0.5195287436818076,H,1.6,1.0
2027-04-18,32,Monza,Inter,SCHEDULED,,,2027-04-18T00:00:00Z,https://crests.football-data.org/5911.png,https://crests.football-data.org/108.png,,0.6358595380591539,0.2053883393685537,0.1587521225722924,A,0.9,1.7
2027-04-18,32,Fiorentina,Parma,SCHEDULED,,,2027-04-18T00:00:00Z,https://crests.football-data.org/99.png,https://crests.football-data.org/112.png,,0.18139266855625766,0.32075009769658824,0.49785723374715407,H,1.6,0.9
2027-04-18,32,Roma,Lazio,SCHEDULED,,,2027-04-18T00:00:00Z,https://crests.football-data.org/100.png,https://crests.football-data.org/110.png,,0.190241563855837,0.26744746685703624,0.5423109692871267,H,1.6,0.9
2027-04-18,32,Como,Frosinone,SCHEDULED,,,2027-04-18T00:00:00Z,https://crests.football-data.org/7397.png,https://crests.football-data.org/470.png,,0.12162899380468935,0.2534427530525859,0.6249282531427247,H,2.0,1.0
2027-04-18,32,Sassuolo,Lecce,SCHEDULED,,,2027-04-18T00:00:00Z,https://crests.football-data.org/471.png,https://crests.football-data.org/5890.png,,0.21773993835513167,0.3302043518730162,0.45205570977185205,H,1.5,0.9
2027-04-18,32,Bologna,Cagliari,SCHEDULED,,,2027-04-18T00:00:00Z,https://crests.football-data.org/103.png,https://crests.football-data.org/104.png,,0.2142456102343389,0.3504055512702964,0.43534883849536476,H,1.5,1.0
2027-04-18,32,Atalanta,Udinese,SCHEDULED,,,2027-04-18T00:00:00Z,https://crests.football-data.org/102.png,https://crests.football-data.org/115.png,,0.13102673053012184,0.23062946864027806,0.6383438008296001,H,1.7,0.9
2027-04-18,32,Venezia,Juventus,SCHEDULED,,,2027-04-18T00:00:00Z,https://crests.football-data.org/454.png,https://crests.football-data.org/109.png,,0.5684029547813183,0.22720923972310794,0.2043878054955739,A,0.9,2.0
2027-04-18,32,Milan,Napoli,SCHEDULED,,,2027-04-18T00:00:00Z,https://crests.football-data.org/98.png,https://crests.football-data.org/113.png,,0.32436620799331,0.3073512201632349,0.36828257184345503,H,1.4,1.3
2027-04-18,32,Torino,Genoa,SCHEDULED,,,2027-04-18T00:00:00Z,https://crests.football-data.org/586.png,https://crests.football-data.org/107.png,,0.1897003269617886,0.3186374702435142,0.4916622027946973,H,1.7,1.0
2027-04-25,33,Frosinone,Roma,SCHEDULED,,,2027-04-25T00:00:00Z,https://crests.football-data.org/470.png,https://crests.football-data.org/100.png,,0.6106732225664514,0.22333679851664573,0.1659899789169029,A,1.0,1.4
2027-04-25,33,Cagliari,Monza,SCHEDULED,,,2027-04-25T00:00:00Z,https://crests.football-data.org/104.png,https://crests.football-data.org/5911.png,,0.1546962984605779,0.35531285053909595,0.48999085100032613,H,1.8,0.8
2027-04-25,33,Napoli,Udinese,SCHEDULED,,,2027-04-25T00:00:00Z,https://crests.football-data.org/113.png,https://crests.football-data.org/115.png,,0.1259535439796944,0.18991091408830735,0.6841355419319983,H,2.1,0.9
2027-04-25,33,Parma,Atalanta,SCHEDULED,,,2027-04-25T00:00:00Z,https://crests.football-data.org/112.png,https://crests.football-data.org/102.png,,0.40279066157928967,0.2950866165486449,0.3021227218720654,A,1.0,1.2
2027-04-25,33,Lazio,Como,SCHEDULED,,,2027-04-25T00:00:00Z,https://crests.football-data.org/110.png,https://crests.football-data.org/7397.png,,0.34171688250398735,0.28255776286057366,0.37572535463543894,H,1.4,1.3
2027-04-25,33,Juventus,Fiorentina,SCHEDULED,,,2027-04-25T00:00:00Z,https://crests.football-data.org/109.png,https://crests.football-data.org/99.png,,0.12486496784774151,0.18969142743758913,0.6854436047146695,H,1.9,0.9
2027-04-25,33,Genoa,Sassuolo,SCHEDULED,,,2027-04-25T00:00:00Z,https://crests.football-data.org/107.png,https://crests.football-data.org/471.png,,0.21806766160858312,0.3386178047656297,0.44331453362578715,H,1.4,1.0
2027-04-25,33,Lecce,Milan,SCHEDULED,,,2027-04-25T00:00:00Z,https://crests.football-data.org/5890.png,https://crests.football-data.org/98.png,,0.5244773761367577,0.22144652375045676,0.2540761001127856,A,1.0,1.6
2027-04-25,33,Venezia,Torino,SCHEDULED,,,2027-04-25T00:00:00Z,https://crests.football-data.org/454.png,https://crests.football-data.org/586.png,,0.4301116124428888,0.29438660601323013,0.27550178154388105,A,1.1,1.3
2027-04-25,33,Inter,Bologna,SCHEDULED,,,2027-04-25T00:00:00Z,https://crests.football-data.org/108.png,https://crests.football-data.org/103.png,,0.10091097977932988,0.13305621118989014,0.76603280903078,H,2.5,0.9
2027-05-02,34,Atalanta,Juventus,SCHEDULED,,,2027-05-02T00:00:00Z,https://crests.football-data.org/102.png,https://crests.football-data.org/109.png,,0.2799359052763624,0.24823803575000883,0.4718260589736287,H,1.4,1.3
2027-05-02,34,Torino,Parma,SCHEDULED,,,2027-05-02T00:00:00Z,https://crests.football-data.org/586.png,https://crests.football-data.org/112.png,,0.21281920364968815,0.3420142713622299,0.445166524988082,H,1.7,0.9
2027-05-02,34,Milan,Lazio,SCHEDULED,,,2027-05-02T00:00:00Z,https://crests.football-data.org/98.png,https://crests.football-data.org/110.png,,0.2324133113442056,0.28964772623800866,0.47793896241778566,H,1.8,1.2
2027-05-02,34,Udinese,Genoa,SCHEDULED,,,2027-05-02T00:00:00Z,https://crests.football-data.org/115.png,https://crests.football-data.org/107.png,,0.187940806938343,0.305984723081782,0.506074469979875,H,1.6,1.1
2027-05-02,34,Sassuolo,Frosinone,SCHEDULED,,,2027-05-02T00:00:00Z,https://crests.football-data.org/471.png,https://crests.football-data.org/470.png,,0.21892446044043792,0.3283524258276711,0.45272311373189106,H,1.5,1.0
2027-05-02,34,Bologna,Fiorentina,SCHEDULED,,,2027-05-02T00:00:00Z,https://crests.football-data.org/103.png,https://crests.football-data.org/99.png,,0.18223244337259223,0.3108485307835283,0.5069190258438794,H,1.5,0.9
2027-05-02,34,Como,Inter,SCHEDULED,,,2027-05-02T00:00:00Z,https://crests.football-data.org/7397.png,https://crests.football-data.org/108.png,,0.42794626686502685,0.26970546587648114,0.3023482672584921,A,1.5,1.4
2027-05-02,34,Monza,Venezia,SCHEDULED,,,2027-05-02T00:00:00Z,https://crests.football-data.org/5911.png,https://crests.football-data.org/454.png,,0.20954684884606634,0.3164003738113466,0.47405277734258705,H,1.5,1.3
2027-05-02,34,Lecce,Cagliari,SCHEDULED,,,2027-05-02T00:00:00Z,https://crests.football-data.org/5890.png,https://crests.football-data.org/104.png,,0.2420044101612985,0.3394521985402099,0.4185433912984916,H,1.4,1.1
2027-05-02,34,Roma,Napoli,SCHEDULED,,,2027-05-02T00:00:00Z,https://crests.football-data.org/100.png,https://crests.football-data.org/113.png,,0.26916188344689745,0.3017971911127251,0.4290409254403775,H,1.7,1.3
2027-05-09,35,Parma,Milan,SCHEDULED,,,2027-05-09T00:00:00Z,https://crests.football-data.org/112.png,https://crests.football-data.org/98.png,,0.49311798657861466,0.2512175317183865,0.2556644817029988,A,1.0,1.6
2027-05-09,35,Genoa,Cagliari,SCHEDULED,,,2027-05-09T00:00:00Z,https://crests.football-data.org/107.png,https://crests.football-data.org/104.png,,0.25056343762228583,0.3774987701207341,0.37193779225698015,D,1.3,1.0
2027-05-09,35,Lazio,Sassuolo,SCHEDULED,,,2027-05-09T00:00:00Z,https://crests.football-data.org/110.png,https://crests.football-data.org/471.png,,0.11732711992013747,0.22899049055287082,0.6536823895269918,H,2.1,0.8
2027-05-09,35,Napoli,Monza,SCHEDULED,,,2027-05-09T00:00:00Z,https://crests.football-data.org/113.png,https://crests.football-data.org/5911.png,,0.10202504581299764,0.13290803137353882,0.7650669228134634,H,2.2,0.8
2027-05-09,35,Inter,Lecce,SCHEDULED,,,2027-05-09T00:00:00Z,https://crests.football-data.org/108.png,https://crests.football-data.org/5890.png,,0.09115820227350915,0.1525827653148615,0.7562590324116294,H,2.3,0.8
2027-05-09,35,Venezia,Como,SCHEDULED,,,2027-05-09T00:00:00Z,https://crests.football-data.org/454.png,https://crests.football-data.org/7397.png,,0.5766921968934501,0.243041274883665,0.18026652822288497,A,0.9,1.8
2027-05-09,35,Udinese,Juventus,SCHEDULED,,,2027-05-09T00:00:00Z,https://crests.football-data.org/115.png,https://crests.football-data.org/109.png,,0.4867941020642571,0.24561895779897808,0.2675869401367648,A,1.2,1.5
2027-05-09,35,Torino,Bologna,SCHEDULED,,,2027-05-09T00:00:00Z,https://crests.football-data.org/586.png,https://crests.football-data.org/103.png,,0.23661215769636382,0.30628366179476785,0.45710418050886836,H,1.7,1.6
2027-05-09,35,Frosinone,Atalanta,SCHEDULED,,,2027-05-09T00:00:00Z,https://crests.football-data.org/470.png,https://crests.football-data.org/102.png,,0.4077190749349979,0.2931555930938155,0.2991253319711865,A,1.1,1.4
2027-05-09,35,Fiorentina,Roma,SCHEDULED,,,2027-05-09T00:00:00Z,https://crests.football-data.org/99.png,https://crests.football-data.org/100.png,,0.579163412713477,0.2443783551206659,0.1764582321658571,A,1.0,1.5
2027-05-16,36,Napoli,Genoa,SCHEDULED,,,2027-05-16T00:00:00Z,https://crests.football-data.org/113.png,https://crests.football-data.org/107.png,,0.10250991245509612,0.17937407571757902,0.7181160118273248,H,2.1,0.8
2027-05-16,36,Lecce,Fiorentina,SCHEDULED,,,2027-05-16T00:00:00Z,https://crests.football-data.org/5890.png,https://crests.football-data.org/99.png,,0.2293041507032312,0.31646870748524325,0.45422714181152557,H,1.4,1.0
2027-05-16,36,Lazio,Udinese,SCHEDULED,,,2027-05-16T00:00:00Z,https://crests.football-data.org/110.png,https://crests.football-data.org/115.png,,0.11239277385031132,0.2091788470790823,0.6784283790706065,H,2.1,0.8
2027-05-16,36,Bologna,Frosinone,SCHEDULED,,,2027-05-16T00:00:00Z,https://crests.football-data.org/103.png,https://crests.football-data.org/470.png,,0.21880684843761114,0.30858315081573295,0.472610000746656,H,1.5,1.0
2027-05-16,36,Como,Atalanta,SCHEDULED,,,2027-05-16T00:00:00Z,https://crests.football-data.org/7397.png,https://crests.football-data.org/102.png,,0.2281598707477629,0.2727882627576805,0.4990518664945566,H,1.6,1.1
2027-05-16,36,Juventus,Inter,SCHEDULED,,,2027-05-16T00:00:00Z,https://crests.football-data.org/109.png,https://crests.football-data.org/108.png,,0.4678438950607419,0.23825792197616924,0.29389818296308884,A,1.3,1.5
2027-05-16,36,Sassuolo,Venezia,SCHEDULED,,,2027-05-16T00:00:00Z,https://crests.football-data.org/471.png,https://crests.football-data.org/454.png,,0.17377054376348106,0.2996930483796263,0.5265364078568926,H,1.5,1.0
2027-05-16,36,Monza,Parma,SCHEDULED,,,2027-05-16T00:00:00Z,https://crests.football-data.org/5911.png,https://crests.football-data.org/112.png,,0.3631108116701214,0.29850062531285043,0.33838856301702824,A,1.2,1.3
2027-05-16,36,Milan,Roma,SCHEDULED,,,2027-05-16T00:00:00Z,https://crests.football-data.org/98.png,https://crests.football-data.org/100.png,,0.3493166705656443,0.3135593910072176,0.3371239384271381,A,1.2,1.3
2027-05-16,36,Cagliari,Torino,SCHEDULED,,,2027-05-16T00:00:00Z,https://crests.football-data.org/104.png,https://crests.football-data.org/586.png,,0.162469283200479,0.41338142940434647,0.4241492873951745,H,1.6,0.9
2027-05-23,37,Roma,Como,SCHEDULED,,,2027-05-23T00:00:00Z,https://crests.football-data.org/100.png,https://crests.football-data.org/7397.png,,0.2973344337109256,0.2869339085155684,0.4157316577735061,H,1.5,1.3
2027-05-23,37,Parma,Juventus,SCHEDULED,,,2027-05-23T00:00:00Z,https://crests.football-data.org/112.png,https://crests.football-data.org/109.png,,0.49311798657861466,0.2512175317183865,0.2556644817029988,A,1.0,1.5
2027-05-23,37,Torino,Napoli,SCHEDULED,,,2027-05-23T00:00:00Z,https://crests.football-data.org/586.png,https://crests.football-data.org/113.png,,0.45952277619497395,0.28196511193439977,0.25851211187062617,A,1.4,1.7
2027-05-23,37,Atalanta,Lecce,SCHEDULED,,,2027-05-23T00:00:00Z,https://crests.football-data.org/102.png,https://crests.football-data.org/5890.png,,0.1352536746762393,0.26408633441627133,0.6006599909074893,H,1.8,0.9
2027-05-23,37,Inter,Lazio,SCHEDULED,,,2027-05-23T00:00:00Z,https://crests.football-data.org/108.png,https://crests.football-data.org/110.png,,0.18787786302556828,0.18587766054300933,0.6262444764314224,H,1.7,1.2
2027-05-23,37,Udinese,Sassuolo,SCHEDULED,,,2027-05-23T00:00:00Z,https://crests.football-data.org/115.png,https://crests.football-data.org/471.png,,0.20295292052574634,0.3220877437391626,0.474959335735091,H,1.5,1.1
2027-05-23,37,Frosinone,Cagliari,SCHEDULED,,,2027-05-23T00:00:00Z,https://crests.football-data.org/470.png,https://crests.football-data.org/104.png,,0.19842177155357735,0.3359206466552418,0.4656575817911809,H,1.5,1.1
2027-05-23,37,Fiorentina,Monza,SCHEDULED,,,2027-05-23T00:00:00Z,https://crests.football-data.org/99.png,https://crests.football-data.org/5911.png,,0.1423111833129133,0.30476423733883734,0.5529245793482495,H,1.6,0.9
2027-05-23,37,Venezia,Milan,SCHEDULED,,,2027-05-23T00:00:00Z,https://crests.football-data.org/454.png,https://crests.football-data.org/98.png,,0.5684029547813183,0.22720923972310794,0.2043878054955739,A,0.9,2.0
2027-05-23,37,Genoa,Bologna,SCHEDULED,,,2027-05-23T00:00:00Z,https://crests.football-data.org/107.png,https://crests.football-data.org/103.png,,0.2676087916732597,0.31451603180416837,0.417875176522572,H,1.3,1.5
2027-05-30,38,Milan,Udinese,SCHEDULED,,,2027-05-30T00:00:00Z,https://crests.football-data.org/98.png,https://crests.football-data.org/115.png,,0.12697345976429822,0.1926098469954088,0.6804166932402931,H,2.0,0.9
2027-05-30,38,Juventus,Frosinone,SCHEDULED,,,2027-05-30T00:00:00Z,https://crests.football-data.org/109.png,https://crests.football-data.org/470.png,,0.13352236709571252,0.22797938271513185,0.6384982501891556,H,2.0,0.9
2027-05-30,38,Monza,Torino,SCHEDULED,,,2027-05-30T00:00:00Z,https://crests.football-data.org/5911.png,https://crests.football-data.org/586.png,,0.37359677832179966,0.29516121504628345,0.331242006631917,A,1.2,1.3
2027-05-30,38,Sassuolo,Inter,SCHEDULED,,,2027-05-30T00:00:00Z,https://crests.football-data.org/471.png,https://crests.football-data.org/108.png,,0.623796775184511,0.21641135035588488,0.159791874459604,A,0.9,1.6
2027-05-30,38,Cagliari,Roma,SCHEDULED,,,2027-05-30T00:00:00Z,https://crests.football-data.org/104.png,https://crests.football-data.org/100.png,,0.5211656541815418,0.2376772414002059,0.24115710441825233,A,1.0,1.3
2027-05-30,38,Lazio,Fiorentina,SCHEDULED,,,2027-05-30T00:00:00Z,https://crests.football-data.org/110.png,https://crests.football-data.org/99.png,,0.11670243296078411,0.2076756919576261,0.6756218750815898,H,1.8,0.8
2027-05-30,38,Como,Genoa,SCHEDULED,,,2027-05-30T00:00:00Z,https://crests.football-data.org/7397.png,https://crests.football-data.org/107.png,,0.09511942342755283,0.19244717291408117,0.712433403658366,H,2.2,0.8
2027-05-30,38,Napoli,Atalanta,SCHEDULED,,,2027-05-30T00:00:00Z,https://crests.football-data.org/113.png,https://crests.football-data.org/102.png,,0.22383964887082303,0.24592952936973272,0.5302308217594442,H,1.8,1.1
2027-05-30,38,Lecce,Venezia,SCHEDULED,,,2027-05-30T00:00:00Z,https://crests.football-data.org/5890.png,https://crests.football-data.org/454.png,,0.20665421204559553,0.2771293701796185,0.5162164177747861,H,1.7,0.9
2027-05-30,38,Bologna,Parma,SCHEDULED,,,2027-05-30T00:00:00Z,https://crests.football-data.org/103.png,https://crests.football-data.org/112.png,,0.17925619399157616,0.32209241002265726,0.4986513959857666,H,1.5,0.9
