matchday,team,opponent,xW,xD,xL,exp_pts,pts,played
1,Arsenal,Coventry,0.762610355219397,0.1407005719359901,0.09668907284461303,2.428531637594181,3,1
1,Coventry,Arsenal,0.09668907284461303,0.1407005719359901,0.762610355219397,0.43076779046982916,0,1
1,Hull,Man United,0.38205471278427866,0.2604344032007166,0.35751088401500475,1.4065985415535527,3,1
1,Man United,Hull,0.35751088401500475,0.2604344032007166,0.38205471278427866,1.332967055245731,0,1
1,Ipswich,Sunderland,0.3985986106400989,0.2899311752080894,0.3114702141518117,1.4857270071283861,3,1
1,Sunderland,Ipswich,0.3114702141518117,0.2899311752080894,0.3985986106400989,1.2243418176635243,0,1
1,Nott'm Forest,Leeds,0.38517630186679785,0.2870062370488902,0.32781746108431187,1.4425351426492838,0,1
1,Leeds,Nott'm Forest,0.32781746108431187,0.2870062370488902,0.38517630186679785,1.2704586203018258,3,1
1,Everton,Crystal Palace,0.4862426842021417,0.26320662802355216,0.2505506877743063,1.7219346806299771,3,1
1,Crystal Palace,Everton,0.2505506877743063,0.26320662802355216,0.4862426842021417,1.014858691346471,0,1
1,Brentford,Tottenham,0.6314825952201291,0.18820386940583983,0.18031353537403116,2.082651655066227,3,1
1,Tottenham,Brentford,0.18031353537403116,0.18820386940583983,0.6314825952201291,0.7291444755279333,0,1
1,Man City,Bournemouth,0.5677458771948589,0.27793675050074024,0.15431737230440082,1.981174382085317,3,1
1,Bournemouth,Man City,0.15431737230440082,0.27793675050074024,0.5677458771948589,0.7408888674139427,0,1
1,Brighton,Aston Villa,0.44308305124313735,0.25958669777109517,0.2973302509857675,1.5888358515005072,3,1
1,Aston Villa,Brighton,0.2973302509857675,0.25958669777109517,0.44308305124313735,1.1515774507283976,0,1
1,Newcastle,Liverpool,0.39314528156653655,0.2932346595657215,0.31362005886774197,1.4726705042653312,1,1
1,Liverpool,Newcastle,0.31362005886774197,0.2932346595657215,0.39314528156653655,1.2340948361689472,1,1
1,Fulham,Chelsea,0.38371767358047326,0.28377381926341533,0.33250850715611135,1.4349268400048352,0,1
1,Chelsea,Fulham,0.33250850715611135,0.28377381926341533,0.38371767358047326,1.2812993407317494,3,1
2,Crystal Palace,Man City,0.25827840103184907,0.21154130488348788,0.530180294084663,0.9863765079790351,0,1
2,Man City,Crystal Palace,0.530180294084663,0.21154130488348788,0.25827840103184907,1.802082187137477,3,1
2,Liverpool,Nott'm Forest,0.5980432631323294,0.22510714019623332,0.1768495966714373,2.0192369295932213,1,1
2,Nott'm Forest,Liverpool,0.1768495966714373,0.22510714019623332,0.5980432631323294,0.7556559302105452,1,1
2,Bournemouth,Everton,0.48901504392518874,0.2444368313639341,0.2665481247108771,1.7114819631395002,1,1
2,Everton,Bournemouth,0.2665481247108771,0.2444368313639341,0.48901504392518874,1.0440812054965654,1,1
2,Coventry,Hull,0.4062721295170251,0.2931039346993967,0.3006239357835781,1.511920323250472,0,1
2,Hull,Coventry,0.3006239357835781,0.2931039346993967,0.4062721295170251,1.194975742050131,3,1
2,Tottenham,Newcastle,0.38273031834885124,0.2831496600439408,0.3341200216072079,1.4313406150904946,0,1
2,Newcastle,Tottenham,0.3341200216072079,0.2831496600439408,0.38273031834885124,1.2855097248655643,3,1
2,Sunderland,Fulham,0.4818505357775947,0.2684782603939633,0.24967120382844202,1.7140298677267474,3,1
2,Fulham,Sunderland,0.24967120382844202,0.2684782603939633,0.4818505357775947,1.0174918718792894,0,1
2,Chelsea,Brighton,0.37449419430816155,0.2861209724806843,0.3393848332111542,1.4096035554051691,3,1
2,Brighton,Chelsea,0.3393848332111542,0.2861209724806843,0.37449419430816155,1.304275472114147,0,1
2,Leeds,Brentford,0.37927517331752175,0.3196379410081259,0.3010868856743524,1.4574634609606911,1,1
2,Brentford,Leeds,0.3010868856743524,0.3196379410081259,0.37927517331752175,1.222898598031183,1,1
2,Man United,Ipswich,0.6604588206047408,0.1976543661152026,0.14188681328005645,2.179030827929425,3,1
2,Ipswich,Man United,0.14188681328005645,0.1976543661152026,0.6604588206047408,0.6233148059553719,0,1
2,Aston Villa,Arsenal,0.2933273142572824,0.23226162349383603,0.4744110622488816,1.1122435662656833,0,1
2,Arsenal,Aston Villa,0.4744110622488816,0.23226162349383603,0.2933273142572824,1.6554948102404807,3,1
3,Ipswich,Liverpool,0.36277046240472705,0.26868468524716843,0.3685448523481046,1.3569960724613497,0,1
3,Liverpool,Ipswich,0.3685448523481046,0.26868468524716843,0.36277046240472705,1.3743192422914823,3,1
3,Newcastle,Bournemouth,0.36957202510201503,0.27725253519058585,0.35317543970739906,1.3859686104966311,1,1
3,Bournemouth,Newcastle,0.35317543970739906,0.27725253519058585,0.36957202510201503,1.336778854312783,1,1
3,Nott'm Forest,Tottenham,0.5278257571213327,0.26379991806650666,0.20837432481216064,1.847277189430505,1,1
3,Tottenham,Nott'm Forest,0.20837432481216064,0.26379991806650666,0.5278257571213327,0.8889228925029886,1,1
3,Man City,Coventry,0.7536888990533244,0.15075315269172704,0.09555794825494857,2.4118198498517,3,1
3,Coventry,Man City,0.09555794825494857,0.15075315269172704,0.7536888990533244,0.43742699745657276,0,1
3,Brighton,Leeds,0.495021980224243,0.2578251757493474,0.2471528440264095,1.7428911164220762,1,1
3,Leeds,Brighton,0.2471528440264095,0.2578251757493474,0.495021980224243,0.9992837078285759,1,1
3,Brentford,Sunderland,0.5278208487875362,0.2364797294519924,0.23569942176047132,1.819942275814601,1,1
3,Sunderland,Brentford,0.23569942176047132,0.2364797294519924,0.5278208487875362,0.9435779947334063,1,1
3,Fulham,Crystal Palace,0.43265139868031177,0.28650671326663363,0.28084188805305466,1.584460909307569,0,1
3,Crystal Palace,Fulham,0.28084188805305466,0.28650671326663363,0.43265139868031177,1.1290323774257975,3,1
3,Hull,Aston Villa,0.3923845868065615,0.2649892852843947,0.3426261279090437,1.4421430457040794,1,1
3,Aston Villa,Hull,0.3426261279090437,0.2649892852843947,0.3923845868065615,1.2928676690115257,1,1
3,Everton,Man United,0.3858583291554816,0.27632952248853526,0.33781214835598306,1.43390450995498,1,1
3,Man United,Everton,0.33781214835598306,0.27632952248853526,0.3858583291554816,1.2897659675564843,1,1
3,Arsenal,Chelsea,0.7117943348689718,0.18871467234577485,0.09949099278525338,2.32409767695269,3,1
3,Chelsea,Arsenal,0.09949099278525338,0.18871467234577485,0.7117943348689718,0.487187650701535,0,1
4,Crystal Palace,Ipswich,0.5549813265209849,0.23930395334175633,0.20571472013725878,1.9042479329047108,0,1
4,Ipswich,Crystal Palace,0.20571472013725878,0.23930395334175633,0.5549813265209849,0.8564481137535327,3,1
4,Liverpool,Fulham,0.6143486115828344,0.22340174873963978,0.16224963967752576,2.066447583488143,1,1
4,Fulham,Liverpool,0.16224963967752576,0.22340174873963978,0.6143486115828344,0.710150667772217,1,1
4,Aston Villa,Nott'm Forest,0.5258631391656718,0.20744536543585315,0.2666914953984751,1.7850347829328688,0,1
4,Nott'm Forest,Aston Villa,0.2666914953984751,0.20744536543585315,0.5258631391656718,1.0075198516312784,3,1
4,Bournemouth,Brentford,0.4511466003813867,0.26179059902005847,0.28706280059855493,1.6152304001642186,1,1
4,Brentford,Bournemouth,0.28706280059855493,0.26179059902005847,0.4511466003813867,1.1229790008157232,1,1
4,Chelsea,Hull,0.4591598380893027,0.274210955922463,0.26662920598823436,1.6516904701903712,1,1
4,Hull,Chelsea,0.26662920598823436,0.274210955922463,0.4591598380893027,1.074098573887166,1,1
4,Tottenham,Everton,0.38108537904344747,0.2862306161212459,0.33268400483530663,1.4294867532515885,1,1
4,Everton,Tottenham,0.33268400483530663,0.2862306161212459,0.38108537904344747,1.2842826306271657,1,1
4,Sunderland,Arsenal,0.2551080435973024,0.23374269438761006,0.5111492620150876,0.9990668251795173,0,1
4,Arsenal,Sunderland,0.5111492620150876,0.23374269438761006,0.2551080435973024,1.7671904804328729,3,1
4,Coventry,Brighton,0.33070608118309175,0.28086229298429877,0.3884316258326096,1.272980536533574,0,1
4,Brighton,Coventry,0.3884316258326096,0.28086229298429877,0.33070608118309175,1.4461571704821277,3,1
4,Man United,Man City,0.37480931155409525,0.2687722528823312,0.35641843556357355,1.393200187544617,0,1
4,Man City,Man United,0.35641843556357355,0.2687722528823312,0.37480931155409525,1.3380275595730518,3,1
4,Leeds,Newcastle,0.38985998092333785,0.3118470874425611,0.29829293163410103,1.4814270302125747,3,1
4,Newcastle,Leeds,0.29829293163410103,0.3118470874425611,0.38985998092333785,1.2067258823448643,0,1
5,Brentford,Chelsea,0.4962565094607917,0.24898315564372328,0.25476033489548516,1.7377526840260984,3,1
5,Chelsea,Brentford,0.25476033489548516,0.24898315564372328,0.4962565094607917,1.0132641603301786,0,1
5,Tottenham,Aston Villa,0.3737907851774965,0.276432507592183,0.3497767072303204,1.3978048631246724,0,1
5,Aston Villa,Tottenham,0.3497767072303204,0.276432507592183,0.3737907851774965,1.3257626292831441,3,1
5,Everton,Ipswich,0.5679496817440247,0.23908043423784298,0.1929698840181323,1.942929479469917,3,1
5,Ipswich,Everton,0.1929698840181323,0.23908043423784298,0.5679496817440247,0.8179900862922399,0,1
5,Brighton,Arsenal,0.2893492593554871,0.2773377783238918,0.4333129623206212,1.145385556390353,3,1
5,Arsenal,Brighton,0.4333129623206212,0.2773377783238918,0.2893492593554871,1.5772766652857553,0,1
5,Newcastle,Hull,0.4303024935840304,0.29738929257982927,0.2723082138361403,1.5882967733319204,3,1
5,Hull,Newcastle,0.2723082138361403,0.29738929257982927,0.4303024935840304,1.11431393408825,0,1
5,Nott'm Forest,Coventry,0.4425792663352148,0.28580728048455645,0.2716134531802286,1.6135450794902009,0,1
5,Coventry,Nott'm Forest,0.2716134531802286,0.28580728048455645,0.4425792663352148,1.1006476400252423,3,1
5,Bournemouth,Liverpool,0.4567438013990621,0.25379022270488777,0.2894659758960502,1.6240216269020742,0,0
5,Liverpool,Bournemouth,0.2894659758960502,0.25379022270488777,0.4567438013990621,1.1221881503930384,0,0
5,Leeds,Crystal Palace,0.46725850229360344,0.2902051581335729,0.24253633957282364,1.6919806650143834,0,0
5,Crystal Palace,Leeds,0.24253633957282364,0.2902051581335729,0.46725850229360344,1.017814176852044,0,0
5,Man City,Sunderland,0.7507714713735876,0.1540404722507366,0.09518805637567582,2.406354886371499,0,0
5,Sunderland,Man City,0.09518805637567582,0.1540404722507366,0.7507714713735876,0.439604641377764,0,0
5,Fulham,Man United,0.364714478103362,0.2738209473578008,0.3614645745388371,1.3679643816678868,0,0
5,Man United,Fulham,0.3614645745388371,0.2738209473578008,0.364714478103362,1.3582146709743121,0,0
6,Arsenal,Leeds,0.7410864500537231,0.16124768400039355,0.09766586594588335,2.3845070341615626,0,0
6,Leeds,Arsenal,0.09766586594588335,0.16124768400039355,0.7410864500537231,0.4542452818380436,0,0
6,Sunderland,Brighton,0.3386624724394179,0.27247467816539794,0.38886284939518406,1.2884620954836516,0,0
6,Brighton,Sunderland,0.38886284939518406,0.27247467816539794,0.3386624724394179,1.4390632263509502,0,0
6,Chelsea,Bournemouth,0.3910028684341097,0.24585046638458155,0.36314666518130867,1.4188590716869105,0,0
6,Bournemouth,Chelsea,0.36314666518130867,0.24585046638458155,0.3910028684341097,1.3352904619285075,0,0
6,Ipswich,Fulham,0.41034937720289333,0.2978470881893126,0.291803534607794,1.5288952197979926,0,0
6,Fulham,Ipswich,0.291803534607794,0.2978470881893126,0.41034937720289333,1.1732576920126947,0,0
6,Aston Villa,Brentford,0.45133612035424114,0.2619005733547379,0.2867633062910209,1.6159089344174613,0,0
6,Brentford,Aston Villa,0.2867633062910209,0.2619005733547379,0.45133612035424114,1.1221904922278008,0,0
6,Man United,Tottenham,0.6733128646872589,0.19017174518635968,0.13651539012638136,2.2101103392481365,0,0
6,Tottenham,Man United,0.13651539012638136,0.19017174518635968,0.6733128646872589,0.5997179155655038,0,0
6,Hull,Everton,0.4014239743219233,0.2753296335443432,0.32324639213373346,1.479601556510113,0,0
6,Everton,Hull,0.32324639213373346,0.2753296335443432,0.4014239743219233,1.2450688099455436,0,0
6,Crystal Palace,Nott'm Forest,0.4037904585290668,0.29126108731230954,0.30494845415862365,1.50263246289951,0,0
6,Nott'm Forest,Crystal Palace,0.30494845415862365,0.29126108731230954,0.4037904585290668,1.2061064497881806,0,0
6,Liverpool,Man City,0.3655258039323359,0.2661648766663485,0.36830931940131567,1.3627422884633562,0,0
6,Man City,Liverpool,0.36830931940131567,0.2661648766663485,0.3655258039323359,1.3710928348702955,0,0
6,Coventry,Newcastle,0.38359961536899073,0.286207904478092,0.3301924801529173,1.4370067505850643,0,0
6,Newcastle,Coventry,0.3301924801529173,0.286207904478092,0.38359961536899073,1.276785344936844,0,0
7,Everton,Chelsea,0.40543479767137247,0.2825447400726003,0.3120204622560272,1.4988491330867175,0,0
7,Chelsea,Everton,0.3120204622560272,0.2825447400726003,0.40543479767137247,1.2186061268406818,0,0
7,Fulham,Hull,0.4123168340682011,0.2898230957140445,0.2978600702177545,1.5267735979186479,0,0
7,Hull,Fulham,0.2978600702177545,0.2898230957140445,0.4123168340682011,1.1834033063673082,0,0
7,Man City,Ipswich,0.7358536071872652,0.1709182405309829,0.09322815228175187,2.3784790620927785,0,0
7,Ipswich,Man City,0.09322815228175187,0.1709182405309829,0.7358536071872652,0.4506026973762385,0,0
7,Brentford,Liverpool,0.4589493341358097,0.25524238725006726,0.28580827861412295,1.6320903896574963,0,0
7,Liverpool,Brentford,0.28580827861412295,0.25524238725006726,0.4589493341358097,1.1126672230924362,0,0
7,Newcastle,Aston Villa,0.38116298605892285,0.2816543973481603,0.3371826165929168,1.4251433555249289,0,0
7,Aston Villa,Newcastle,0.3371826165929168,0.2816543973481603,0.38116298605892285,1.2932022471269107,0,0
7,Bournemouth,Sunderland,0.5206639848649655,0.23184115813362113,0.24749485700141335,1.7938331127285174,0,0
7,Sunderland,Bournemouth,0.24749485700141335,0.23184115813362113,0.5206639848649655,0.9743257291378612,0,0
7,Leeds,Man United,0.3840189794494472,0.3216471741017727,0.29433384644878013,1.4737041124501142,0,0
7,Man United,Leeds,0.29433384644878013,0.3216471741017727,0.3840189794494472,1.2046487134481132,0,0
7,Brighton,Crystal Palace,0.5449302796170045,0.24058497567747814,0.2144847447055174,1.8753758145284913,0,0
7,Crystal Palace,Brighton,0.2144847447055174,0.24058497567747814,0.5449302796170045,0.8840392097940304,0,0
7,Nott'm Forest,Arsenal,0.2595091951315263,0.22052314055209987,0.5199676643163739,0.9990507259466789,0,0
7,Arsenal,Nott'm Forest,0.5199676643163739,0.22052314055209987,0.2595091951315263,1.7804261335012215,0,0
7,Tottenham,Coventry,0.43132893982646736,0.2873185802241853,0.2813524799493473,1.5813053997035873,0,0
7,Coventry,Tottenham,0.2813524799493473,0.2873185802241853,0.43132893982646736,1.1313760200722274,0,0
8,Ipswich,Nott'm Forest,0.3969628238051354,0.29102427198975483,0.31201290420510974,1.481912743405161,0,0
8,Nott'm Forest,Ipswich,0.31201290420510974,0.29102427198975483,0.3969628238051354,1.227062984605084,0,0
8,Aston Villa,Man City,0.3365644486952017,0.23222500526354678,0.43121054604125153,1.2419183513491519,0,0
8,Man City,Aston Villa,0.43121054604125153,0.23222500526354678,0.3365644486952017,1.5258566433873015,0,0
8,Arsenal,Everton,0.7368173958279133,0.16808956088958046,0.09509304328250623,2.37854174837332,0,0
8,Everton,Arsenal,0.09509304328250623,0.16808956088958046,0.7368173958279133,0.4533686907370992,0,0
8,Coventry,Fulham,0.41691217941128517,0.2977358985099811,0.2853519220787337,1.5484724367438367,0,0
8,Fulham,Coventry,0.2853519220787337,0.2977358985099811,0.41691217941128517,1.1537916647461823,0,0
8,Chelsea,Tottenham,0.5471919632924064,0.2327074515442212,0.22010058516337241,1.8742833414214402,0,0
8,Tottenham,Chelsea,0.22010058516337241,0.2327074515442212,0.5471919632924064,0.8930092070343385,0,0
8,Liverpool,Brighton,0.46237908487648494,0.2912901303042416,0.24633078481927353,1.6784273849336966,0,0
8,Brighton,Liverpool,0.24633078481927353,0.2912901303042416,0.46237908487648494,1.0302824847620622,0,0
8,Crystal Palace,Newcastle,0.38359961536899073,0.286207904478092,0.3301924801529173,1.4370067505850643,0,0
8,Newcastle,Crystal Palace,0.3301924801529173,0.286207904478092,0.38359961536899073,1.276785344936844,0,0
8,Man United,Bournemouth,0.49742833552310145,0.250289181266241,0.2522824832106575,1.7425741878355452,0,0
8,Bournemouth,Man United,0.2522824832106575,0.250289181266241,0.49742833552310145,1.0071366308982135,0,0
8,Hull,Brentford,0.39485397524235694,0.2708233868957237,0.33432263786191924,1.4553853126227945,0,0
8,Brentford,Hull,0.33432263786191924,0.2708233868957237,0.39485397524235694,1.2737913004814814,0,0
8,Sunderland,Leeds,0.3963773540078453,0.28444004155757424,0.31918260443458046,1.4735721035811102,0,0
8,Leeds,Sunderland,0.31918260443458046,0.28444004155757424,0.3963773540078453,1.2419878548613157,0,0
9,Chelsea,Man United,0.40810330436290276,0.2755002561815544,0.3163964394555428,1.4998101692702628,0,0
9,Man United,Chelsea,0.3163964394555428,0.2755002561815544,0.40810330436290276,1.224689574548183,0,0
9,Man City,Brighton,0.4976025892037726,0.3430639182259386,0.15933349257028892,1.8358716858372564,0,0
9,Brighton,Man City,0.15933349257028892,0.3430639182259386,0.4976025892037726,0.8210643959368054,0,0
9,Bournemouth,Leeds,0.48901504392518874,0.2444368313639341,0.2665481247108771,1.7114819631395002,0,0
9,Leeds,Bournemouth,0.2665481247108771,0.2444368313639341,0.48901504392518874,1.0440812054965654,0,0
9,Coventry,Sunderland,0.4047078312197522,0.2918660435043794,0.3034261252758685,1.5059895371636358,0,0
9,Sunderland,Coventry,0.3034261252758685,0.2918660435043794,0.4047078312197522,1.2021444193319848,0,0
9,Hull,Ipswich,0.573157453972063,0.23210323905713842,0.1947393069707986,1.9515756009733274,0,0
9,Ipswich,Hull,0.1947393069707986,0.23210323905713842,0.573157453972063,0.8163211599695344,0,0
9,Brentford,Nott'm Forest,0.5409894251496399,0.21252803652917696,0.24648253832118322,1.8354963119780967,0,0
9,Nott'm Forest,Brentford,0.24648253832118322,0.21252803652917696,0.5409894251496399,0.9519756514927266,0,0
9,Tottenham,Crystal Palace,0.43132893982646736,0.2873185802241853,0.2813524799493473,1.5813053997035873,0,0
9,Crystal Palace,Tottenham,0.2813524799493473,0.2873185802241853,0.43132893982646736,1.1313760200722274,0,0
9,Aston Villa,Fulham,0.5459149974717159,0.2105122445171606,0.2435727580111235,1.8482572369323083,0,0
9,Fulham,Aston Villa,0.2435727580111235,0.2105122445171606,0.5459149974717159,0.941230518550531,0,0
9,Liverpool,Arsenal,0.3303899883211988,0.2654912060171511,0.40411880566165004,1.2566611709807476,0,0
9,Arsenal,Liverpool,0.40411880566165004,0.2654912060171511,0.3303899883211988,1.4778476230021012,0,0
9,Newcastle,Everton,0.3975181644080095,0.2983294105130269,0.3041524250789636,1.4908839037370556,0,0
9,Everton,Newcastle,0.3041524250789636,0.2983294105130269,0.3975181644080095,1.2107866857499179,0,0
10,Arsenal,Hull,0.7592517469240351,0.14448500807371492,0.09626324500225002,2.4222402488458203,0,0
10,Hull,Arsenal,0.09626324500225002,0.14448500807371492,0.7592517469240351,0.433274743080465,0,0
10,Nott'm Forest,Man City,0.27663396752420094,0.21542326819116853,0.5079427642846305,1.0453251707637714,0,0
10,Man City,Nott'm Forest,0.5079427642846305,0.21542326819116853,0.27663396752420094,1.7392515610450598,0,0
10,Leeds,Tottenham,0.5224250742032179,0.2704394409326466,0.2071354848641354,1.8377146635423003,0,0
10,Tottenham,Leeds,0.2071354848641354,0.2704394409326466,0.5224250742032179,0.8918458955250529,0,0
10,Fulham,Newcastle,0.3853488267813339,0.28508687206225775,0.3295643011564084,1.4411333524062595,0,0
10,Newcastle,Fulham,0.3295643011564084,0.28508687206225775,0.3853488267813339,1.2737797755314828,0,0
10,Everton,Coventry,0.48858492143501897,0.2644744977193368,0.24694058084564427,1.7302292620243938,0,0
10,Coventry,Everton,0.24694058084564427,0.2644744977193368,0.48858492143501897,1.0052962402562695,0,0
10,Crystal Palace,Liverpool,0.3598906969389334,0.26610338238182346,0.3740059206792431,1.3457754731986238,0,0
10,Liverpool,Crystal Palace,0.3740059206792431,0.26610338238182346,0.3598906969389334,1.388121144419553,0,0
10,Sunderland,Chelsea,0.3964390126051475,0.2801076750608748,0.3234533123339778,1.4694247128763174,0,0
10,Chelsea,Sunderland,0.3234533123339778,0.2801076750608748,0.3964390126051475,1.2504676120628082,0,0
10,Ipswich,Bournemouth,0.3100728668718597,0.2351832626130904,0.4547438705150498,1.1654018632286693,0,0
10,Bournemouth,Ipswich,0.4547438705150498,0.2351832626130904,0.3100728668718597,1.5994148741582397,0,0
10,Brighton,Brentford,0.45221738253970145,0.26856121049176795,0.27922140696853065,1.6252133581108725,0,0
10,Brentford,Brighton,0.27922140696853065,0.26856121049176795,0.45221738253970145,1.1062254313973598,0,0
10,Man United,Aston Villa,0.5240574358119426,0.2592340191054323,0.21670854508262505,1.8314063265412603,0,0
10,Aston Villa,Man United,0.21670854508262505,0.2592340191054323,0.5240574358119426,0.9093596543533075,0,0
11,Chelsea,Leeds,0.42199093835488927,0.2884123510539,0.28959671059121067,1.554385166118568,0,0
11,Leeds,Chelsea,0.28959671059121067,0.2884123510539,0.42199093835488927,1.157202482827532,0,0
11,Man City,Fulham,0.7536888990533244,0.15075315269172704,0.09555794825494857,2.4118198498517,0,0
11,Fulham,Man City,0.09555794825494857,0.15075315269172704,0.7536888990533244,0.43742699745657276,0,0
11,Aston Villa,Sunderland,0.5199054365998884,0.2315033919093617,0.24859117149074977,1.791219701709027,0,0
11,Sunderland,Aston Villa,0.24859117149074977,0.2315033919093617,0.5199054365998884,0.9772769063816109,0,0
11,Liverpool,Man United,0.4706409606790393,0.28787507818076025,0.24148396114020051,1.699797960217878,0,0
11,Man United,Liverpool,0.24148396114020051,0.28787507818076025,0.4706409606790393,1.0123269616013617,0,0
11,Hull,Brighton,0.34163908804140763,0.2627207520916498,0.3956401598669426,1.2876380162158725,0,0
11,Brighton,Hull,0.3956401598669426,0.2627207520916498,0.34163908804140763,1.4496412316924778,0,0
11,Bournemouth,Nott'm Forest,0.5266863312670081,0.20777010275544655,0.26554356597754525,1.787829096556471,0,0
11,Nott'm Forest,Bournemouth,0.26554356597754525,0.20777010275544655,0.5266863312670081,1.0044008006880822,0,0
11,Tottenham,Ipswich,0.5402283229440085,0.24673644497863942,0.2130352320773522,1.8674214138106648,0,0
11,Ipswich,Tottenham,0.2130352320773522,0.24673644497863942,0.5402283229440085,0.885842141210696,0,0
11,Brentford,Everton,0.49688862546601675,0.25135538446797956,0.25175599006600374,1.74202126086603,0,0
11,Everton,Brentford,0.25175599006600374,0.25135538446797956,0.49688862546601675,1.0066233546659906,0,0
11,Coventry,Crystal Palace,0.4147479025743281,0.29845494525093536,0.2867971521747366,1.5426986529739195,0,0
11,Crystal Palace,Coventry,0.2867971521747366,0.29845494525093536,0.4147479025743281,1.1588464017751452,0,0
11,Newcastle,Arsenal,0.25861367482333714,0.23695472830370315,0.5044315968729598,1.0127957527737146,0,0
11,Arsenal,Newcastle,0.5044315968729598,0.23695472830370315,0.25861367482333714,1.7502495189225826,0,0
12,Leeds,Coventry,0.46943696094304466,0.291558156385601,0.23900488267135425,1.699869039214735,0,0
12,Coventry,Leeds,0.23900488267135425,0.291558156385601,0.46943696094304466,1.0085728043996638,0,0
12,Ipswich,Aston Villa,0.36763338114115274,0.2746546548591548,0.3577119639996925,1.377554798282613,0,0
12,Aston Villa,Ipswich,0.3577119639996925,0.2746546548591548,0.36763338114115274,1.3477905468582323,0,0
12,Arsenal,Man City,0.5220085131339938,0.2455284764479071,0.23246301041809914,1.8115540158498884,0,0
12,Man City,Arsenal,0.23246301041809914,0.2455284764479071,0.5220085131339938,0.9429175077022045,0,0
12,Man United,Brentford,0.5210139776943172,0.29185707660003524,0.18712894570564753,1.854899009682987,0,0
12,Brentford,Man United,0.18712894570564753,0.29185707660003524,0.5210139776943172,0.8532439137169778,0,0
12,Everton,Liverpool,0.3858583291554816,0.27632952248853526,0.33781214835598306,1.43390450995498,0,0
12,Liverpool,Everton,0.33781214835598306,0.27632952248853526,0.3858583291554816,1.2897659675564843,0,0
12,Fulham,Bournemouth,0.318867276672394,0.23940934366310804,0.44172337966449804,1.19601117368029,0,0
12,Bournemouth,Fulham,0.44172337966449804,0.23940934366310804,0.318867276672394,1.564579482656602,0,0
12,Nott'm Forest,Chelsea,0.3852074404119287,0.2826136710827361,0.3321788885053352,1.4382359923185222,0,0
12,Chelsea,Nott'm Forest,0.3321788885053352,0.2826136710827361,0.3852074404119287,1.2791503365987418,0,0
12,Brighton,Newcastle,0.495021980224243,0.2578251757493474,0.2471528440264095,1.7428911164220762,0,0
12,Newcastle,Brighton,0.2471528440264095,0.2578251757493474,0.495021980224243,0.9992837078285759,0,0
12,Sunderland,Tottenham,0.526748564520307,0.2644017368318844,0.20884969864780858,1.8446474303928055,0,0
12,Tottenham,Sunderland,0.20884969864780858,0.2644017368318844,0.526748564520307,0.8909508327753102,0,0
12,Crystal Palace,Hull,0.4062721295170251,0.2931039346993967,0.3006239357835781,1.511920323250472,0,0
12,Hull,Crystal Palace,0.3006239357835781,0.2931039346993967,0.4062721295170251,1.194975742050131,0,0
13,Tottenham,Fulham,0.42944795282066894,0.29042652028128335,0.28012552689804776,1.57877037874329,0,0
13,Fulham,Tottenham,0.28012552689804776,0.29042652028128335,0.42944795282066894,1.1308031009754265,0,0
13,Liverpool,Sunderland,0.5877937457404009,0.24742407081120577,0.16478218344839335,2.0108053080324084,0,0
13,Sunderland,Liverpool,0.16478218344839335,0.24742407081120577,0.5877937457404009,0.7417706211563858,0,0
13,Hull,Nott'm Forest,0.4723529978053786,0.25408030446706337,0.2735666977275581,1.6711392978831991,0,0
13,Nott'm Forest,Hull,0.2735666977275581,0.25408030446706337,0.4723529978053786,1.0747803976497377,0,0
13,Chelsea,Crystal Palace,0.511356805554007,0.23843265084558668,0.2502105436004063,1.7725030675076077,0,0
13,Crystal Palace,Chelsea,0.2502105436004063,0.23843265084558668,0.511356805554007,0.9890642816468056,0,0
13,Aston Villa,Everton,0.48824784383114445,0.2440533422211359,0.2676988139477197,1.7087968737145693,0,0
13,Everton,Aston Villa,0.2676988139477197,0.2440533422211359,0.48824784383114445,1.0471497840642952,0,0
13,Brentford,Arsenal,0.2872724457222891,0.24469264697703755,0.4680349073006734,1.106509984143905,0,0
13,Arsenal,Brentford,0.4680349073006734,0.24469264697703755,0.2872724457222891,1.6487973688790578,0,0
13,Coventry,Ipswich,0.555592733962968,0.2395675878299405,0.2048396782070915,1.9063457897188447,0,0
13,Ipswich,Coventry,0.2048396782070915,0.2395675878299405,0.555592733962968,0.854086622451215,0,0
13,Man City,Leeds,0.6842072955129523,0.22356696523806596,0.09222573924898178,2.2761888517769227,0,0
13,Leeds,Man City,0.09222573924898178,0.22356696523806596,0.6842072955129523,0.5002441829850113,0,0
13,Newcastle,Man United,0.39314528156653655,0.2932346595657215,0.31362005886774197,1.4726705042653312,0,0
13,Man United,Newcastle,0.31362005886774197,0.2932346595657215,0.39314528156653655,1.2340948361689472,0,0
13,Bournemouth,Brighton,0.4418395914334778,0.26380241058863624,0.29435799797788603,1.5893211848890696,0,0
13,Brighton,Bournemouth,0.29435799797788603,0.26380241058863624,0.4418395914334778,1.1468764045222943,0,0
14,Tottenham,Arsenal,0.22915219260653924,0.18896228731106007,0.5818855200824006,0.8764188651306779,0,0
14,Arsenal,Tottenham,0.5818855200824006,0.18896228731106007,0.22915219260653924,1.934618847558262,0,0
14,Man United,Coventry,0.6430477465045903,0.209154554359672,0.1477976991357378,2.138297793873443,0,0
14,Coventry,Man United,0.1477976991357378,0.209154554359672,0.6430477465045903,0.6525476517668853,0,0
14,Leeds,Ipswich,0.5679214940571378,0.23911819913701501,0.19296030680584722,1.9428826813084283,0,0
14,Ipswich,Leeds,0.19296030680584722,0.23911819913701501,0.5679214940571378,0.8179991195545567,0,0
14,Newcastle,Sunderland,0.4288062841566693,0.29624426460312486,0.27494945124020587,1.582663117073133,0,0
14,Sunderland,Newcastle,0.27494945124020587,0.29624426460312486,0.4288062841566693,1.1210926183237424,0,0
14,Chelsea,Liverpool,0.4084305325257982,0.2749193328769564,0.3166501345972455,1.500210930454351,0,0
14,Liverpool,Chelsea,0.3166501345972455,0.2749193328769564,0.4084305325257982,1.224869736668693,0,0
14,Brentford,Man City,0.32972055794892985,0.24473087530524976,0.42554856674582037,1.2338925491520394,0,0
14,Man City,Brentford,0.42554856674582037,0.24473087530524976,0.32972055794892985,1.5213765755427109,0,0
14,Bournemouth,Hull,0.5202617787471728,0.23566185728992123,0.24407636396290594,1.7964471935314397,0,0
14,Hull,Bournemouth,0.24407636396290594,0.23566185728992123,0.5202617787471728,0.9678909491786389,0,0
14,Aston Villa,Crystal Palace,0.5459149974717159,0.2105122445171606,0.2435727580111235,1.8482572369323083,0,0
14,Crystal Palace,Aston Villa,0.2435727580111235,0.2105122445171606,0.5459149974717159,0.941230518550531,0,0
14,Nott'm Forest,Brighton,0.32686044548798515,0.2730683198998611,0.40007123461215366,1.2536496563638166,0,0
14,Brighton,Nott'm Forest,0.40007123461215366,0.2730683198998611,0.32686044548798515,1.473282023736322,0,0
14,Everton,Fulham,0.4842994624855808,0.26615115125764877,0.24954938625677048,1.7190495387143914,0,0
14,Fulham,Everton,0.24954938625677048,0.26615115125764877,0.4842994624855808,1.0147993100279602,0,0
15,Sunderland,Nott'm Forest,0.46686765681653514,0.2627425208588354,0.27038982232462944,1.663345491308441,0,0
15,Nott'm Forest,Sunderland,0.27038982232462944,0.2627425208588354,0.46686765681653514,1.0739119878327237,0,0
15,Crystal Palace,Man United,0.3544379942358089,0.2683701556117784,0.37719185015241263,1.331684138319205,0,0
15,Man United,Crystal Palace,0.37719185015241263,0.2683701556117784,0.3544379942358089,1.3999457060690161,0,0
15,Hull,Tottenham,0.5329770057085393,0.2557037909257939,0.21131920336566679,1.854634808051412,0,0
15,Tottenham,Hull,0.21131920336566679,0.2557037909257939,0.5329770057085393,0.8896614010227942,0,0
15,Brighton,Everton,0.495021980224243,0.2578251757493474,0.2471528440264095,1.7428911164220762,0,0
15,Everton,Brighton,0.2471528440264095,0.2578251757493474,0.495021980224243,0.9992837078285759,0,0
15,Ipswich,Newcastle,0.37902368977447704,0.2832702956562333,0.3377060145692898,1.4203413649796643,0,0
15,Newcastle,Ipswich,0.3377060145692898,0.2832702956562333,0.37902368977447704,1.2963883393641025,0,0
15,Coventry,Aston Villa,0.36814508720359135,0.27457425560586335,0.3572806571905453,1.3790095172166374,0,0
15,Aston Villa,Coventry,0.3572806571905453,0.27457425560586335,0.36814508720359135,1.346416227177499,0,0
15,Arsenal,Bournemouth,0.6121984866471832,0.22511087246533296,0.16269064088748383,2.0617063324068825,0,0
15,Bournemouth,Arsenal,0.16269064088748383,0.22511087246533296,0.6121984866471832,0.7131827951277845,0,0
15,Man City,Chelsea,0.6507692680838363,0.2561956412600631,0.0930350906561006,2.208503445511572,0,0
15,Chelsea,Man City,0.0930350906561006,0.2561956412600631,0.6507692680838363,0.5353009132283649,0,0
15,Liverpool,Leeds,0.5677769269014953,0.2674335741056009,0.16478949899290377,1.9707643548100866,0,0
15,Leeds,Liverpool,0.16478949899290377,0.2674335741056009,0.5677769269014953,0.7618020710843123,0,0
15,Fulham,Brentford,0.3783984739749425,0.2842125001411789,0.3373890258838787,1.4194079220660063,0,0
15,Brentford,Fulham,0.3373890258838787,0.2842125001411789,0.3783984739749425,1.2963795777928149,0,0
16,Leeds,Fulham,0.4601031822861345,0.30107453602241824,0.2388222816914472,1.6813840828808218,0,0
16,Fulham,Leeds,0.2388222816914472,0.30107453602241824,0.4601031822861345,1.01754138109676,0,0
16,Brighton,Ipswich,0.6040383848425332,0.2170422788007011,0.17891933635676568,2.029157433328301,0,0
16,Ipswich,Brighton,0.17891933635676568,0.2170422788007011,0.6040383848425332,0.7538002878709982,0,0
16,Nott'm Forest,Everton,0.38517630186679785,0.2870062370488902,0.32781746108431187,1.4425351426492838,0,0
16,Everton,Nott'm Forest,0.32781746108431187,0.2870062370488902,0.38517630186679785,1.2704586203018258,0,0
16,Brentford,Newcastle,0.49688862546601675,0.25135538446797956,0.25175599006600374,1.74202126086603,0,0
16,Newcastle,Brentford,0.25175599006600374,0.25135538446797956,0.49688862546601675,1.0066233546659906,0,0
16,Man City,Hull,0.7481303257511858,0.15701648078147667,0.09485319346733756,2.4014074580350337,0,0
16,Hull,Man City,0.09485319346733756,0.15701648078147667,0.7481303257511858,0.44157606118348935,0,0
16,Sunderland,Crystal Palace,0.48380090451578317,0.2655173066826003,0.25068178880161646,1.7169200202299497,0,0
16,Crystal Palace,Sunderland,0.25068178880161646,0.2655173066826003,0.48380090451578317,1.0175626730874496,0,0
16,Bournemouth,Coventry,0.5671704747643378,0.20641172486860995,0.22641780036705228,1.9079231491616233,0,0
16,Coventry,Bournemouth,0.22641780036705228,0.20641172486860995,0.5671704747643378,0.8856651259697668,0,0
16,Arsenal,Man United,0.5812600542275698,0.24473191847734305,0.17400802729508724,1.9885120811600523,0,0
16,Man United,Arsenal,0.17400802729508724,0.24473191847734305,0.5812600542275698,0.7667560003626048,0,0
16,Liverpool,Tottenham,0.6733128646872589,0.19017174518635968,0.13651539012638136,2.2101103392481365,0,0
16,Tottenham,Liverpool,0.13651539012638136,0.19017174518635968,0.6733128646872589,0.5997179155655038,0,0
16,Chelsea,Aston Villa,0.41091874715025034,0.2517477446677826,0.33733350818196706,1.4845039861185336,0,0
16,Aston Villa,Chelsea,0.33733350818196706,0.2517477446677826,0.41091874715025034,1.2637482692136839,0,0
17,Aston Villa,Leeds,0.48824784383114445,0.2440533422211359,0.2676988139477197,1.7087968737145693,0,0
17,Leeds,Aston Villa,0.2676988139477197,0.2440533422211359,0.48824784383114445,1.0471497840642952,0,0
17,Everton,Sunderland,0.4303027174240812,0.28036467240373036,0.2893326101721884,1.571272824675974,0,0
17,Sunderland,Everton,0.2893326101721884,0.28036467240373036,0.4303027174240812,1.1483625029202955,0,0
17,Fulham,Brighton,0.3323241157011025,0.2798548455764797,0.38782103872241774,1.2768271926797872,0,0
17,Brighton,Fulham,0.38782103872241774,0.2798548455764797,0.3323241157011025,1.443317961743733,0,0
17,Tottenham,Bournemouth,0.31868325487264004,0.23927117790725325,0.44204556722010674,1.1953209425251734,0,0
17,Bournemouth,Tottenham,0.44204556722010674,0.23927117790725325,0.31868325487264004,1.5654078795675734,0,0
17,Ipswich,Brentford,0.37263639133916193,0.28274215708322853,0.34462145157760954,1.4006513311007143,0,0
17,Brentford,Ipswich,0.34462145157760954,0.28274215708322853,0.37263639133916193,1.316606511816057,0,0
17,Hull,Liverpool,0.38205471278427866,0.2604344032007166,0.35751088401500475,1.4065985415535527,0,0
17,Liverpool,Hull,0.35751088401500475,0.2604344032007166,0.38205471278427866,1.332967055245731,0,0
17,Newcastle,Man City,0.28863354945611447,0.24235187860822593,0.46901457193565965,1.1082525269765693,0,0
17,Man City,Newcastle,0.46901457193565965,0.24235187860822593,0.28863354945611447,1.6493955944152048,0,0
17,Coventry,Chelsea,0.38197286683629006,0.2848874512216736,0.33313968194203636,1.4308060517305439,0,0
17,Chelsea,Coventry,0.33313968194203636,0.2848874512216736,0.38197286683629006,1.2843064970477827,0,0
17,Man United,Nott'm Forest,0.6117205428389657,0.218219591936428,0.17005986522460634,2.053381220453325,0,0
17,Nott'm Forest,Man United,0.17005986522460634,0.218219591936428,0.6117205428389657,0.728399187610247,0,0
17,Crystal Palace,Arsenal,0.2419099139991372,0.21620964824936173,0.5418804377515011,0.9419393902467733,0,0
17,Arsenal,Crystal Palace,0.5418804377515011,0.21620964824936173,0.2419099139991372,1.841850961503865,0,0
18,Hull,Leeds,0.4014239743219233,0.2753296335443432,0.32324639213373346,1.479601556510113,0,0
18,Leeds,Hull,0.32324639213373346,0.2753296335443432,0.4014239743219233,1.2450688099455436,0,0
18,Tottenham,Brighton,0.3393912508975843,0.2798036227167592,0.3808051263856565,1.2979773754095123,0,0
18,Brighton,Tottenham,0.3808051263856565,0.2798036227167592,0.3393912508975843,1.4222190018737288,0,0
18,Everton,Man City,0.2741138484612574,0.22759547992362406,0.49829067161511836,1.0499370253073963,0,0
18,Man City,Everton,0.49829067161511836,0.22759547992362406,0.2741138484612574,1.722467494768979,0,0
18,Fulham,Arsenal,0.24987556927221855,0.2123367738673982,0.5377876568603833,0.9619634816840539,0,0
18,Arsenal,Fulham,0.5377876568603833,0.2123367738673982,0.24987556927221855,1.8256997444485483,0,0
18,Coventry,Brentford,0.37594825759084116,0.28477519508371135,0.33927654732544754,1.4126199678562348,0,0
18,Brentford,Coventry,0.33927654732544754,0.28477519508371135,0.37594825759084116,1.302604837060054,0,0
18,Newcastle,Nott'm Forest,0.4626901702711412,0.27232282245206973,0.26498700727678903,1.6603933332654932,0,0
18,Nott'm Forest,Newcastle,0.26498700727678903,0.27232282245206973,0.4626901702711412,1.0672838442824368,0,0
18,Man United,Sunderland,0.6029939324513591,0.23808717547406824,0.15891889207457258,2.0470689728281455,0,0
18,Sunderland,Man United,0.15891889207457258,0.23808717547406824,0.6029939324513591,0.714843851697786,0,0
18,Crystal Palace,Bournemouth,0.30857613694112296,0.23365429264396306,0.45776957041491406,1.1593827034673319,0,0
18,Bournemouth,Crystal Palace,0.45776957041491406,0.23365429264396306,0.30857613694112296,1.6069630038887053,0,0
18,Aston Villa,Liverpool,0.4561666494520661,0.25346952755650476,0.29036382299142915,1.621969475912703,0,0
18,Liverpool,Aston Villa,0.29036382299142915,0.25346952755650476,0.4561666494520661,1.1245609965307923,0,0
18,Ipswich,Chelsea,0.3773786004352004,0.2819351956887857,0.340686203876014,1.4140709969943868,0,0
18,Chelsea,Ipswich,0.340686203876014,0.2819351956887857,0.3773786004352004,1.3039938073168276,0,0
19,Leeds,Everton,0.3834519972946615,0.32315800113842247,0.293390001566916,1.473513993022407,0,0
19,Everton,Leeds,0.293390001566916,0.32315800113842247,0.3834519972946615,1.2033280058391707,0,0
19,Brighton,Man United,0.44391770451126306,0.2624546754756507,0.2936276200130861,1.59420778900944,0,0
19,Man United,Brighton,0.2936276200130861,0.2624546754756507,0.44391770451126306,1.1433375355149091,0,0
19,Brentford,Crystal Palace,0.5582084725000799,0.21659226047865365,0.2251992670212665,1.8912176779788932,0,0
19,Crystal Palace,Brentford,0.2251992670212665,0.21659226047865365,0.5582084725000799,0.8921900615424532,0,0
19,Arsenal,Ipswich,0.7457447220772857,0.15977398186861894,0.09448129605409525,2.397008148100476,0,0
19,Ipswich,Arsenal,0.09448129605409525,0.15977398186861894,0.7457447220772857,0.4432178700309046,0,0
19,Sunderland,Hull,0.4277785561172914,0.2826918466478966,0.28952959723481214,1.5660275149997709,0,0
19,Hull,Sunderland,0.28952959723481214,0.2826918466478966,0.4277785561172914,1.151280638352333,0,0
19,Liverpool,Coventry,0.6298512412349555,0.2161613723155431,0.15398738644950136,2.1057150960204094,0,0
19,Coventry,Liverpool,0.15398738644950136,0.2161613723155431,0.6298512412349555,0.6781235316640472,0,0
19,Nott'm Forest,Fulham,0.440659325702215,0.28890549977834473,0.2704351745194403,1.6108834768849896,0,0
19,Fulham,Nott'm Forest,0.2704351745194403,0.28890549977834473,0.440659325702215,1.1002110233366658,0,0
19,Bournemouth,Aston Villa,0.4404613587497732,0.225084442476497,0.3344541987737297,1.5464685187258167,0,0
19,Aston Villa,Bournemouth,0.3344541987737297,0.225084442476497,0.4404613587497732,1.2284470387976862,0,0
19,Chelsea,Newcastle,0.4230770571012944,0.2865808693442603,0.2903420735544453,1.5558120406481435,0,0
19,Newcastle,Chelsea,0.2903420735544453,0.2865808693442603,0.4230770571012944,1.157607090007596,0,0
19,Man City,Tottenham,0.7425813568456981,0.16333812613105286,0.09408051702324897,2.391082196668147,0,0
19,Tottenham,Man City,0.09408051702324897,0.16333812613105286,0.7425813568456981,0.4455796772007998,0,0
20,Arsenal,Brentford,0.5964758467745003,0.2661412442262343,0.13738290899926536,2.0555687845497355,0,0
20,Brentford,Arsenal,0.13738290899926536,0.2661412442262343,0.5964758467745003,0.6782899712240305,0,0
20,Brighton,Bournemouth,0.43029173466602055,0.2564240476403309,0.31328421769364856,1.5472992516383925,0,0
20,Bournemouth,Brighton,0.31328421769364856,0.2564240476403309,0.43029173466602055,1.1962767007212767,0,0
20,Nott'm Forest,Hull,0.4162961654745731,0.28740765452368894,0.2962961800017381,1.5362961509474082,0,0
20,Hull,Nott'm Forest,0.2962961800017381,0.28740765452368894,0.4162961654745731,1.1762961945289032,0,0
20,Everton,Aston Villa,0.39317824057563455,0.278953916872682,0.32786784255168355,1.4584886385995857,0,0
20,Aston Villa,Everton,0.32786784255168355,0.278953916872682,0.39317824057563455,1.2625574445277326,0,0
20,Sunderland,Liverpool,0.3786441264416517,0.2700450778123057,0.35131079574604257,1.4059774571372605,0,0
20,Liverpool,Sunderland,0.35131079574604257,0.2700450778123057,0.3786441264416517,1.3239774650504335,0,0
20,Fulham,Tottenham,0.518359717463155,0.260161925378437,0.22147835715840794,1.8152410777679022,0,0
20,Tottenham,Fulham,0.22147835715840794,0.260161925378437,0.518359717463155,0.9245969968536609,0,0
20,Crystal Palace,Chelsea,0.38197286683629006,0.2848874512216736,0.33313968194203636,1.4308060517305439,0,0
20,Chelsea,Crystal Palace,0.33313968194203636,0.2848874512216736,0.38197286683629006,1.2843064970477827,0,0
20,Ipswich,Coventry,0.4081918150422241,0.2985463969536204,0.2932617880041555,1.5231218420802928,0,0
20,Coventry,Ipswich,0.2932617880041555,0.2985463969536204,0.4081918150422241,1.1783317609660868,0,0
20,Leeds,Man City,0.29352518215794665,0.24645915018834658,0.46001566765370683,1.1270346966621865,0,0
20,Man City,Leeds,0.46001566765370683,0.24645915018834658,0.29352518215794665,1.6265061531494671,0,0
20,Man United,Newcastle,0.5873626331594471,0.25555944250363083,0.15707792433692197,2.0176473419819723,0,0
20,Newcastle,Man United,0.15707792433692197,0.25555944250363083,0.5873626331594471,0.7267932155143968,0,0
21,Bournemouth,Ipswich,0.6218169189698778,0.19399764965807073,0.18418543137205154,2.059448406567704,0,0
21,Ipswich,Bournemouth,0.18418543137205154,0.19399764965807073,0.6218169189698778,0.7465539437742253,0,0
21,Man City,Nott'm Forest,0.7536888990533244,0.15075315269172704,0.09555794825494857,2.4118198498517,0,0
21,Nott'm Forest,Man City,0.09555794825494857,0.15075315269172704,0.7536888990533244,0.43742699745657276,0,0
21,Chelsea,Sunderland,0.45872722648818737,0.27137259004365527,0.26990018346815736,1.6475542695082173,0,0
21,Sunderland,Chelsea,0.26990018346815736,0.27137259004365527,0.45872722648818737,1.0810731404481273,0,0
21,Brentford,Brighton,0.4413603083505494,0.25442987384274107,0.30420981780670964,1.5785107988943892,0,0
21,Brighton,Brentford,0.30420981780670964,0.25442987384274107,0.4413603083505494,1.16705932726287,0,0
21,Aston Villa,Man United,0.45162700358617136,0.2608987948584071,0.2874742015554216,1.6157798056169212,0,0
21,Man United,Aston Villa,0.2874742015554216,0.2608987948584071,0.45162700358617136,1.1233213995246718,0,0
21,Tottenham,Leeds,0.38108537904344747,0.2862306161212459,0.33268400483530663,1.4294867532515885,0,0
21,Leeds,Tottenham,0.33268400483530663,0.2862306161212459,0.38108537904344747,1.2842826306271657,0,0
21,Coventry,Everton,0.38193321023863824,0.2893087074047024,0.3287580823566595,1.4351083381206173,0,0
21,Everton,Coventry,0.3287580823566595,0.2893087074047024,0.38193321023863824,1.2755829544746808,0,0
21,Liverpool,Crystal Palace,0.6129231610589413,0.22520366114448997,0.16187317779656873,2.063973144321314,0,0
21,Crystal Palace,Liverpool,0.16187317779656873,0.22520366114448997,0.6129231610589413,0.7108231945341962,0,0
21,Hull,Arsenal,0.2557742887527294,0.23174152182371918,0.5124841894235515,0.9990643880819073,0,0
21,Arsenal,Hull,0.5124841894235515,0.23174152182371918,0.2557742887527294,1.7691940900943735,0,0
21,Newcastle,Fulham,0.47366957672276694,0.2760129524992176,0.2503174707780153,1.6970216826675184,0,0
21,Fulham,Newcastle,0.2503174707780153,0.2760129524992176,0.47366957672276694,1.0269653648332635,0,0
22,Ipswich,Hull,0.4001817579406725,0.29119175797036567,0.3086264840889618,1.491737031792383,0,0
22,Hull,Ipswich,0.3086264840889618,0.29119175797036567,0.4001817579406725,1.217071210237251,0,0
22,Everton,Brentford,0.39595615018148694,0.2853141810715619,0.31872966874695113,1.4731826316160226,0,0
22,Brentford,Everton,0.31872966874695113,0.2853141810715619,0.39595615018148694,1.2415031873124152,0,0
22,Sunderland,Coventry,0.48380090451578317,0.2655173066826003,0.25068178880161646,1.7169200202299497,0,0
22,Coventry,Sunderland,0.25068178880161646,0.2655173066826003,0.48380090451578317,1.0175626730874496,0,0
22,Nott'm Forest,Bournemouth,0.32119379676276955,0.23924136374272462,0.43956483949450575,1.2028227540310332,0,0
22,Bournemouth,Nott'm Forest,0.43956483949450575,0.23924136374272462,0.32119379676276955,1.557935882226242,0,0
22,Arsenal,Newcastle,0.7316854371629439,0.16710250139488886,0.10121206144216725,2.3621588128837208,0,0
22,Newcastle,Arsenal,0.10121206144216725,0.16710250139488886,0.7316854371629439,0.4707386857213906,0,0
22,Leeds,Chelsea,0.38837351505991763,0.3105417424114181,0.30108474252866435,1.475662287591171,0,0
22,Chelsea,Leeds,0.30108474252866435,0.3105417424114181,0.38837351505991763,1.213795969997411,0,0
22,Fulham,Aston Villa,0.37607312397536286,0.2781203839713975,0.34580649205323966,1.4063397558974862,0,0
22,Aston Villa,Fulham,0.34580649205323966,0.2781203839713975,0.37607312397536286,1.3155398601311166,0,0
22,Man United,Liverpool,0.4926212224109005,0.2706836851889936,0.2366950924001059,1.748547352421695,0,0
22,Liverpool,Man United,0.2366950924001059,0.2706836851889936,0.4926212224109005,0.9807689623893112,0,0
22,Brighton,Man City,0.3241656105415855,0.2707505751059474,0.4050838143524671,1.2432474067307038,0,0
22,Man City,Brighton,0.4050838143524671,0.2707505751059474,0.3241656105415855,1.4860020181633486,0,0
22,Crystal Palace,Tottenham,0.5145618547548649,0.2628636466823019,0.22257449856283318,1.8065492109468968,0,0
22,Tottenham,Crystal Palace,0.22257449856283318,0.2628636466823019,0.5145618547548649,0.9305871423708014,0,0
23,Tottenham,Sunderland,0.40819602102895547,0.28681907851510824,0.30498490045593635,1.5114071416019748,0,0
23,Sunderland,Tottenham,0.30498490045593635,0.28681907851510824,0.40819602102895547,1.2017737798829171,0,0
23,Brentford,Man United,0.45860792932319944,0.2557964001101138,0.28559567056668683,1.631620188079712,0,0
23,Man United,Brentford,0.28559567056668683,0.2557964001101138,0.45860792932319944,1.1125834118101743,0,0
23,Newcastle,Brighton,0.36050320591574475,0.3033370069833814,0.3361597871008739,1.3848466247306157,0,0
23,Brighton,Newcastle,0.3361597871008739,0.3033370069833814,0.36050320591574475,1.3118163682860031,0,0
23,Hull,Crystal Palace,0.4895459421884874,0.25679547358210003,0.2536585842294125,1.7254333001475624,0,0
23,Crystal Palace,Hull,0.2536585842294125,0.25679547358210003,0.4895459421884874,1.0177712262703376,0,0
23,Coventry,Leeds,0.38193321023863824,0.2893087074047024,0.3287580823566595,1.4351083381206173,0,0
23,Leeds,Coventry,0.3287580823566595,0.2893087074047024,0.38193321023863824,1.2755829544746808,0,0
23,Bournemouth,Fulham,0.5480460040921138,0.2113339896401532,0.24062000626773294,1.8554720019164945,0,0
23,Fulham,Bournemouth,0.24062000626773294,0.2113339896401532,0.5480460040921138,0.9331940084433521,0,0
23,Chelsea,Nott'm Forest,0.49646252124867796,0.23729337569359082,0.2662441030577311,1.7266809394396248,0,0
23,Nott'm Forest,Chelsea,0.2662441030577311,0.23729337569359082,0.49646252124867796,1.0360256848667841,0,0
23,Liverpool,Everton,0.5682203689022558,0.26764244359915207,0.16413718749859207,1.9723035503059194,0,0
23,Everton,Liverpool,0.16413718749859207,0.26764244359915207,0.5682203689022558,0.7600540060949283,0,0
23,Man City,Arsenal,0.4539676040206484,0.2697439344194463,0.2762884615599052,1.6316467464813915,0,0
23,Arsenal,Man City,0.2762884615599052,0.2697439344194463,0.4539676040206484,1.098609319099162,0,0
23,Aston Villa,Ipswich,0.6199644535716178,0.19341970794826538,0.18661583848011687,2.053313068663119,0,0
23,Ipswich,Aston Villa,0.18661583848011687,0.19341970794826538,0.6199644535716178,0.753267223388616,0,0
24,Arsenal,Liverpool,0.6323511805018381,0.2018524654182406,0.1657963540799213,2.098906006923755,0,0
24,Liverpool,Arsenal,0.1657963540799213,0.2018524654182406,0.6323511805018381,0.6992415276580044,0,0
24,Brighton,Hull,0.5292344695928056,0.2408060768856313,0.22995945352156308,1.828509485664048,0,0
24,Hull,Brighton,0.22995945352156308,0.2408060768856313,0.5292344695928056,0.9306844374503205,0,0
24,Sunderland,Aston Villa,0.3908176730924137,0.2761358652955025,0.33304646161208384,1.4485888845727435,0,0
24,Aston Villa,Sunderland,0.33304646161208384,0.2761358652955025,0.3908176730924137,1.2752752501317541,0,0
24,Crystal Palace,Coventry,0.41410915695663475,0.29799530027823107,0.2878955427651342,1.5403227711481353,0,0
24,Coventry,Crystal Palace,0.2878955427651342,0.29799530027823107,0.41410915695663475,1.1616819285736337,0,0
24,Ipswich,Tottenham,0.4933235561306593,0.27227196131601883,0.23440448255332189,1.7522426297079967,0,0
24,Tottenham,Ipswich,0.23440448255332189,0.27227196131601883,0.4933235561306593,0.9754854089759845,0,0
24,Everton,Newcastle,0.4070491620971162,0.28377604170406745,0.3091747961988164,1.504923527995416,0,0
24,Newcastle,Everton,0.3091747961988164,0.28377604170406745,0.4070491620971162,1.2113004303005166,0,0
24,Fulham,Man City,0.2665934990822902,0.20760445062048286,0.525802050297227,1.0073849478673533,0,0
24,Man City,Fulham,0.525802050297227,0.20760445062048286,0.2665934990822902,1.785010601512164,0,0
24,Leeds,Bournemouth,0.368318904584328,0.310288202788708,0.321392892626964,1.4152449165416918,0,0
24,Bournemouth,Leeds,0.321392892626964,0.310288202788708,0.368318904584328,1.2744668806696,0,0
24,Man United,Chelsea,0.5864079850284895,0.25411320373650836,0.15947881123500218,2.013337158821977,0,0
24,Chelsea,Man United,0.15947881123500218,0.25411320373650836,0.5864079850284895,0.7325496374415149,0,0
24,Nott'm Forest,Brentford,0.3808117561460666,0.283754085144259,0.3354341587096744,1.4261893535824588,0,0
24,Brentford,Nott'm Forest,0.3354341587096744,0.283754085144259,0.3808117561460666,1.2900565612732822,0,0
25,Everton,Leeds,0.4052958491919581,0.28686108603285065,0.30784306477519124,1.502748633608725,0,0
25,Leeds,Everton,0.30784306477519124,0.28686108603285065,0.4052958491919581,1.2103902803584243,0,0
25,Coventry,Liverpool,0.36371722766253367,0.268932721336675,0.3673500510007913,1.3600844043242761,0,0
25,Liverpool,Coventry,0.3673500510007913,0.268932721336675,0.36371722766253367,1.370982874339049,0,0
25,Hull,Sunderland,0.43156223175238473,0.272485124777907,0.2959526434697083,1.567171820035061,0,0
25,Sunderland,Hull,0.2959526434697083,0.272485124777907,0.43156223175238473,1.160343055187032,0,0
25,Aston Villa,Bournemouth,0.43681696745972376,0.22705737611022747,0.3361256564300487,1.5375082784893987,0,0
25,Bournemouth,Aston Villa,0.3361256564300487,0.22705737611022747,0.43681696745972376,1.2354343454003736,0,0
25,Crystal Palace,Brentford,0.37510564355797443,0.28413692752761843,0.34075742891440713,1.4094538582015417,0,0
25,Brentford,Crystal Palace,0.34075742891440713,0.28413692752761843,0.37510564355797443,1.30640921427084,0,0
25,Newcastle,Chelsea,0.39774406207937907,0.29390672284863184,0.3083492150719891,1.487138909086769,0,0
25,Chelsea,Newcastle,0.3083492150719891,0.29390672284863184,0.39774406207937907,1.2189543680645991,0,0
25,Fulham,Nott'm Forest,0.4191990782236857,0.2846606426365413,0.296140279139773,1.5422578773075983,0,0
25,Nott'm Forest,Fulham,0.296140279139773,0.2846606426365413,0.4191990782236857,1.1730814800558602,0,0
25,Tottenham,Man City,0.2449363543812041,0.18509302637054598,0.56997061924825,0.9199020895141583,0,0
25,Man City,Tottenham,0.56997061924825,0.18509302637054598,0.2449363543812041,1.8950048841152958,0,0
25,Man United,Brighton,0.48008335580316314,0.2767038973869518,0.24321274680988514,1.7169539647964411,0,0
25,Brighton,Man United,0.24321274680988514,0.2767038973869518,0.48008335580316314,1.006342137816607,0,0
25,Ipswich,Arsenal,0.21968357130014987,0.19572151314550065,0.5845949155543495,0.8547722270459502,0,0
25,Arsenal,Ipswich,0.5845949155543495,0.19572151314550065,0.21968357130014987,1.949506259808549,0,0
26,Man City,Newcastle,0.6736504981483187,0.2310407007484477,0.0953088011032336,2.251992195193404,0,0
26,Newcastle,Man City,0.0953088011032336,0.2310407007484477,0.6736504981483187,0.5169671040581485,0,0
26,Bournemouth,Crystal Palace,0.5480460040921138,0.2113339896401532,0.24062000626773294,1.8554720019164945,0,0
26,Crystal Palace,Bournemouth,0.24062000626773294,0.2113339896401532,0.5480460040921138,0.9331940084433521,0,0
26,Brentford,Coventry,0.5760739349300263,0.20878313809523755,0.21514292697473605,1.9370049428853167,0,0
26,Coventry,Brentford,0.21514292697473605,0.20878313809523755,0.5760739349300263,0.8542119190194457,0,0
26,Chelsea,Ipswich,0.5862068671804357,0.21173256373516203,0.2020605690844022,1.9703531652764692,0,0
26,Ipswich,Chelsea,0.2020605690844022,0.21173256373516203,0.5862068671804357,0.8179142709883687,0,0
26,Liverpool,Hull,0.5871726933413871,0.24951248631108508,0.1633148203475279,2.011030566335246,0,0
26,Hull,Liverpool,0.1633148203475279,0.24951248631108508,0.5871726933413871,0.7394569473536687,0,0
26,Arsenal,Fulham,0.762610355219397,0.1407005719359901,0.09668907284461303,2.428531637594181,0,0
26,Fulham,Arsenal,0.09668907284461303,0.1407005719359901,0.762610355219397,0.43076779046982916,0,0
26,Nott'm Forest,Man United,0.3663577122253068,0.2713065357316019,0.3623357520430914,1.3703796724075223,0,0
26,Man United,Nott'm Forest,0.3623357520430914,0.2713065357316019,0.3663577122253068,1.3583137918608759,0,0
26,Brighton,Tottenham,0.6177922888856756,0.20950321803911023,0.1727044930752142,2.062880084696137,0,0
26,Tottenham,Brighton,0.1727044930752142,0.20950321803911023,0.6177922888856756,0.7276166972647529,0,0
26,Sunderland,Everton,0.3963773540078453,0.28444004155757424,0.31918260443458046,1.4735721035811102,0,0
26,Everton,Sunderland,0.31918260443458046,0.28444004155757424,0.3963773540078453,1.2419878548613157,0,0
26,Leeds,Aston Villa,0.3798679697315992,0.30374074604067486,0.31639128422772583,1.4433446552354725,0,0
26,Aston Villa,Leeds,0.31639128422772583,0.30374074604067486,0.3798679697315992,1.2529145987238524,0,0
27,Crystal Palace,Sunderland,0.4047078312197522,0.2918660435043794,0.3034261252758685,1.5059895371636358,0,0
27,Sunderland,Crystal Palace,0.3034261252758685,0.2918660435043794,0.4047078312197522,1.2021444193319848,0,0
27,Man United,Arsenal,0.3394787832775862,0.2686440675461802,0.3918771491762335,1.287080417378939,0,0
27,Arsenal,Man United,0.3918771491762335,0.2686440675461802,0.3394787832775862,1.4442755150748807,0,0
27,Ipswich,Brighton,0.3350148857430749,0.2790154793552088,0.3859696349017162,1.2840601365844335,0,0
27,Brighton,Ipswich,0.3859696349017162,0.2790154793552088,0.3350148857430749,1.4369243840603574,0,0
27,Coventry,Bournemouth,0.31062866710508896,0.23520847142248405,0.454162861472427,1.167094472737751,0,0
27,Bournemouth,Coventry,0.454162861472427,0.23520847142248405,0.31062866710508896,1.5976970558397652,0,0
27,Everton,Nott'm Forest,0.4688679686697736,0.26025837961790277,0.27087365171232364,1.6668622856272235,0,0
27,Nott'm Forest,Everton,0.27087365171232364,0.26025837961790277,0.4688679686697736,1.0728793347548737,0,0
27,Fulham,Leeds,0.3836813512996826,0.28818043308929897,0.3281382156110184,1.4392244869883468,0,0
27,Leeds,Fulham,0.3281382156110184,0.28818043308929897,0.3836813512996826,1.2725950799223542,0,0
27,Aston Villa,Chelsea,0.48749501764378683,0.24168473424700984,0.27082024810920335,1.7041697871783703,0,0
27,Chelsea,Aston Villa,0.27082024810920335,0.24168473424700984,0.48749501764378683,1.0541454785746198,0,0
27,Tottenham,Liverpool,0.3726260755196995,0.2731949920193349,0.3541789324609655,1.3910732185784334,0,0
27,Liverpool,Tottenham,0.3541789324609655,0.2731949920193349,0.3726260755196995,1.3357317894022314,0,0
27,Newcastle,Brentford,0.3918742404514888,0.294093758767561,0.31403200078095017,1.4697164801220273,0,0
27,Brentford,Newcastle,0.31403200078095017,0.294093758767561,0.3918742404514888,1.2361897611104116,0,0
27,Hull,Man City,0.272743377312614,0.22645758397072746,0.5007990387166584,1.0446877159085695,0,0
27,Man City,Hull,0.5007990387166584,0.22645758397072746,0.272743377312614,1.7288547001207026,0,0
28,Nott'm Forest,Newcastle,0.3868434242389143,0.28392025318219244,0.3292363225788933,1.4444505258989355,0,0
28,Newcastle,Nott'm Forest,0.3292363225788933,0.28392025318219244,0.3868434242389143,1.2716292209188724,0,0
28,Bournemouth,Tottenham,0.6353261060696324,0.1870678035660538,0.17760609036431393,2.093046121774951,0,0
28,Tottenham,Bournemouth,0.17760609036431393,0.1870678035660538,0.6353261060696324,0.7198860746589956,0,0
28,Man City,Everton,0.6781532958654947,0.23232934436503674,0.08951735976946863,2.266789231961521,0,0
28,Everton,Man City,0.08951735976946863,0.23232934436503674,0.6781532958654947,0.5008814236734427,0,0
28,Arsenal,Crystal Palace,0.745605404876159,0.15986152877875062,0.09453306634509029,2.3966777434072277,0,0
28,Crystal Palace,Arsenal,0.09453306634509029,0.15986152877875062,0.745605404876159,0.44346072781402146,0,0
28,Leeds,Hull,0.40906680745289153,0.3174757250252272,0.2734574675218812,1.5446761473839017,0,0
28,Hull,Leeds,0.2734574675218812,0.3174757250252272,0.40906680745289153,1.1378481275908707,0,0
28,Sunderland,Man United,0.3786441264416517,0.2700450778123057,0.35131079574604257,1.4059774571372605,0,0
28,Man United,Sunderland,0.35131079574604257,0.2700450778123057,0.3786441264416517,1.3239774650504335,0,0
28,Liverpool,Aston Villa,0.5114956533815574,0.2660761080287295,0.22242823858971306,1.800563068173402,0,0
28,Aston Villa,Liverpool,0.22242823858971306,0.2660761080287295,0.5114956533815574,0.9333608237978687,0,0
28,Brighton,Fulham,0.5462843745134879,0.23869790856593734,0.21501771692057475,1.877551032106401,0,0
28,Fulham,Brighton,0.21501771692057475,0.23869790856593734,0.5462843745134879,0.8837510593276616,0,0
28,Brentford,Ipswich,0.617916654575705,0.19513207005062522,0.1869512753736697,2.0488820337777405,0,0
28,Ipswich,Brentford,0.1869512753736697,0.19513207005062522,0.617916654575705,0.7559858961716344,0,0
28,Chelsea,Coventry,0.5173635419558951,0.23874802163378087,0.24388843641032412,1.7908386475014662,0,0
28,Coventry,Chelsea,0.24388843641032412,0.23874802163378087,0.5173635419558951,0.9704133308647532,0,0
29,Leeds,Brighton,0.3475403892436474,0.3283873103163833,0.3240723004399693,1.3710084780473253,0,0
29,Brighton,Leeds,0.3240723004399693,0.3283873103163833,0.3475403892436474,1.3006042116362913,0,0
29,Tottenham,Nott'm Forest,0.41154855602246937,0.28111667794190215,0.3073347660356285,1.5157623460093101,0,0
29,Nott'm Forest,Tottenham,0.3073347660356285,0.28111667794190215,0.41154855602246937,1.2031209760487875,0,0
29,Crystal Palace,Fulham,0.4162733312402849,0.2972796680528311,0.286447000706884,1.546099661773686,0,0
29,Fulham,Crystal Palace,0.286447000706884,0.2972796680528311,0.4162733312402849,1.1566206701734831,0,0
29,Liverpool,Ipswich,0.6604588206047408,0.1976543661152026,0.14188681328005645,2.179030827929425,0,0
29,Ipswich,Liverpool,0.14188681328005645,0.1976543661152026,0.6604588206047408,0.6233148059553719,0,0
29,Coventry,Man City,0.2621886126560771,0.2147439391961333,0.5230674481477896,1.0013097771643646,0,0
29,Man City,Coventry,0.5230674481477896,0.2147439391961333,0.2621886126560771,1.783946283639502,0,0
29,Bournemouth,Newcastle,0.48901504392518874,0.2444368313639341,0.2665481247108771,1.7114819631395002,0,0
29,Newcastle,Bournemouth,0.2665481247108771,0.2444368313639341,0.48901504392518874,1.0440812054965654,0,0
29,Chelsea,Arsenal,0.2540499425104887,0.2504201197412806,0.49552993774823073,1.0125699472727465,0,0
29,Arsenal,Chelsea,0.49552993774823073,0.2504201197412806,0.2540499425104887,1.7370099329859727,0,0
29,Aston Villa,Hull,0.519514270671895,0.23532326016717395,0.24516246916093098,1.793866072182859,0,0
29,Hull,Aston Villa,0.24516246916093098,0.23532326016717395,0.519514270671895,0.9708106676499669,0,0
29,Man United,Everton,0.5873626331594471,0.25555944250363083,0.15707792433692197,2.0176473419819723,0,0
29,Everton,Man United,0.15707792433692197,0.25555944250363083,0.5873626331594471,0.7267932155143968,0,0
29,Sunderland,Brentford,0.39309334763999954,0.28208344146854164,0.3248232108914587,1.4613634843885401,0,0
29,Brentford,Sunderland,0.3248232108914587,0.28208344146854164,0.39309334763999954,1.2565530741429178,0,0
30,Brentford,Bournemouth,0.4528543130569475,0.2290550870557084,0.3180905998873442,1.587618026226551,0,0
30,Bournemouth,Brentford,0.3180905998873442,0.2290550870557084,0.4528543130569475,1.183326886717741,0,0
30,Brighton,Coventry,0.5628275380716838,0.23209916917303547,0.20507329275528072,1.920581783388087,0,0
30,Coventry,Brighton,0.20507329275528072,0.23209916917303547,0.5628275380716838,0.8473190474388776,0,0
30,Man City,Man United,0.5177641722388091,0.3237022310340435,0.15853359672714745,1.8769947477504707,0,0
30,Man United,Man City,0.15853359672714745,0.3237022310340435,0.5177641722388091,0.7993030212154859,0,0
30,Ipswich,Crystal Palace,0.4081918150422241,0.2985463969536204,0.2932617880041555,1.5231218420802928,0,0
30,Crystal Palace,Ipswich,0.2932617880041555,0.2985463969536204,0.4081918150422241,1.1783317609660868,0,0
30,Arsenal,Sunderland,0.7598545263081785,0.1438058041047441,0.09633966958707736,2.4233693830292795,0,0
30,Sunderland,Arsenal,0.09633966958707736,0.1438058041047441,0.7598545263081785,0.4328248128659762,0,0
30,Fulham,Liverpool,0.37023460683247084,0.271441659894065,0.3583237332734643,1.3821454803914774,0,0
30,Liverpool,Fulham,0.3583237332734643,0.271441659894065,0.37023460683247084,1.3464128597144578,0,0
30,Hull,Chelsea,0.4014085761424432,0.27108346065450967,0.3275079632030471,1.4753091890818393,0,0
30,Chelsea,Hull,0.3275079632030471,0.27108346065450967,0.4014085761424432,1.2536073502636509,0,0
30,Nott'm Forest,Aston Villa,0.37849192962010747,0.27768672793739396,0.34382134244249857,1.4131625167977164,0,0
30,Aston Villa,Nott'm Forest,0.34382134244249857,0.27768672793739396,0.37849192962010747,1.3091507552648898,0,0
30,Everton,Tottenham,0.527646831289669,0.26314731770308036,0.2092058510072506,1.8460878115720876,0,0
30,Tottenham,Everton,0.2092058510072506,0.26314731770308036,0.527646831289669,0.8907648707248321,0,0
30,Newcastle,Leeds,0.3975181644080095,0.2983294105130269,0.3041524250789636,1.4908839037370556,0,0
30,Leeds,Newcastle,0.3041524250789636,0.2983294105130269,0.3975181644080095,1.2107866857499179,0,0
31,Sunderland,Ipswich,0.5670710951501705,0.2402575345179718,0.19267137033185766,1.9414708199684834,0,0
31,Ipswich,Sunderland,0.19267137033185766,0.2402575345179718,0.5670710951501705,0.8182716455135448,0,0
31,Leeds,Nott'm Forest,0.4458523575575738,0.2946793147179239,0.25946832772450223,1.6322363873906454,0,0
31,Nott'm Forest,Leeds,0.25946832772450223,0.2946793147179239,0.4458523575575738,1.0730842978914306,0,0
31,Man United,Hull,0.6023825160733963,0.24010702409682969,0.15751045982977394,2.0472545723170184,0,0
31,Hull,Man United,0.15751045982977394,0.24010702409682969,0.6023825160733963,0.7126384035861515,0,0
31,Chelsea,Fulham,0.5102307040828143,0.23728086580733754,0.2524884301098482,1.7679729780557807,0,0
31,Fulham,Chelsea,0.2524884301098482,0.23728086580733754,0.5102307040828143,0.9947461561368822,0,0
31,Liverpool,Newcastle,0.5682203689022558,0.26764244359915207,0.16413718749859207,1.9723035503059194,0,0
31,Newcastle,Liverpool,0.16413718749859207,0.26764244359915207,0.5682203689022558,0.7600540060949283,0,0
31,Coventry,Arsenal,0.2456543883049053,0.2195563133741808,0.5347892983209139,0.9565194782888967,0,0
31,Arsenal,Coventry,0.5347892983209139,0.2195563133741808,0.2456543883049053,1.8239242083369227,0,0
31,Bournemouth,Man City,0.36247448235064256,0.25010258480392916,0.38742293284542817,1.3375260318558568,0,0
31,Man City,Bournemouth,0.38742293284542817,0.25010258480392916,0.36247448235064256,1.4123713833402136,0,0
31,Crystal Palace,Everton,0.38193321023863824,0.2893087074047024,0.3287580823566595,1.4351083381206173,0,0
31,Everton,Crystal Palace,0.3287580823566595,0.2893087074047024,0.38193321023863824,1.2755829544746808,0,0
31,Tottenham,Brentford,0.3783515503172963,0.2841772561035502,0.3374711935791535,1.4192319070554391,0,0
31,Brentford,Tottenham,0.3374711935791535,0.2841772561035502,0.3783515503172963,1.2965908368410108,0,0
31,Aston Villa,Brighton,0.4418395914334778,0.26380241058863624,0.29435799797788603,1.5893211848890696,0,0
31,Brighton,Aston Villa,0.29435799797788603,0.26380241058863624,0.4418395914334778,1.1468764045222943,0,0
32,Brighton,Chelsea,0.4944484168733394,0.25542090695514275,0.25013067617151796,1.738766157575161,0,0
32,Chelsea,Brighton,0.25013067617151796,0.25542090695514275,0.4944484168733394,1.0058129354696965,0,0
32,Fulham,Sunderland,0.41074371169839735,0.28860921426486125,0.3006470740367415,1.5208403493600533,0,0
32,Sunderland,Fulham,0.3006470740367415,0.28860921426486125,0.41074371169839735,1.1905504363750858,0,0
32,Brentford,Leeds,0.49688862546601675,0.25135538446797956,0.25175599006600374,1.74202126086603,0,0
32,Leeds,Brentford,0.25175599006600374,0.25135538446797956,0.49688862546601675,1.0066233546659906,0,0
32,Nott'm Forest,Liverpool,0.3663577122253068,0.2713065357316019,0.3623357520430914,1.3703796724075223,0,0
32,Liverpool,Nott'm Forest,0.3623357520430914,0.2713065357316019,0.3663577122253068,1.3583137918608759,0,0
32,Hull,Coventry,0.4895459421884874,0.25679547358210003,0.2536585842294125,1.7254333001475624,0,0
32,Coventry,Hull,0.2536585842294125,0.25679547358210003,0.4895459421884874,1.0177712262703376,0,0
32,Arsenal,Aston Villa,0.6745026400196228,0.19504030224338065,0.13045705773699667,2.2185482223022492,0,0
32,Aston Villa,Arsenal,0.13045705773699667,0.19504030224338065,0.6745026400196228,0.5864114754543707,0,0
32,Ipswich,Man United,0.35729848266815906,0.27099191845978265,0.37170959887205823,1.3428873664642598,0,0
32,Man United,Ipswich,0.37170959887205823,0.27099191845978265,0.35729848266815906,1.3861207150759574,0,0
32,Man City,Crystal Palace,0.7344033642244638,0.1724838424665608,0.09311279330897546,2.375693935139952,0,0
32,Crystal Palace,Man City,0.09311279330897546,0.1724838424665608,0.7344033642244638,0.4518222223934871,0,0
32,Newcastle,Tottenham,0.5204433689237841,0.27320686937925315,0.20634976169696276,1.8345369761506052,0,0
32,Tottenham,Newcastle,0.20634976169696276,0.27320686937925315,0.5204433689237841,0.8922561544701415,0,0
32,Everton,Bournemouth,0.3345870834617767,0.24100318440707427,0.42440973213114896,1.2447644347924045,0,0
32,Bournemouth,Everton,0.42440973213114896,0.24100318440707427,0.3345870834617767,1.5142323808005214,0,0
33,Chelsea,Man City,0.28342613708118775,0.2560210664438397,0.4605527964749727,1.1062994776874029,0,0
33,Man City,Chelsea,0.4605527964749727,0.2560210664438397,0.28342613708118775,1.6376794558687577,0,0
33,Bournemouth,Arsenal,0.3183641931402906,0.2520862557525471,0.4295495511071625,1.207178835173419,0,0
33,Arsenal,Bournemouth,0.4295495511071625,0.2520862557525471,0.3183641931402906,1.5407349090740345,0,0
33,Tottenham,Hull,0.40978294780121327,0.2880419926849981,0.30217505951378865,1.5173908360886377,0,0
33,Hull,Tottenham,0.30217505951378865,0.2880419926849981,0.40978294780121327,1.194567171226364,0,0
33,Man United,Crystal Palace,0.626369285677939,0.2181141663002072,0.15551654802185377,2.0972220233340244,0,0
33,Crystal Palace,Man United,0.15551654802185377,0.2181141663002072,0.626369285677939,0.6846638103657685,0,0
33,Everton,Brighton,0.34455586768556845,0.2783640135762212,0.3770801187382104,1.3120316166329267,0,0
33,Brighton,Everton,0.3770801187382104,0.2783640135762212,0.34455586768556845,1.4096043697908525,0,0
33,Nott'm Forest,Sunderland,0.4147160300143812,0.28620952773828723,0.2990744422473317,1.5303576177814309,0,0
33,Sunderland,Nott'm Forest,0.2990744422473317,0.28620952773828723,0.4147160300143812,1.1834328544802823,0,0
33,Newcastle,Ipswich,0.5608963306953016,0.24853027282333467,0.1905733964813637,1.9312192649092397,0,0
33,Ipswich,Newcastle,0.1905733964813637,0.24853027282333467,0.5608963306953016,0.8202504622674258,0,0
33,Aston Villa,Coventry,0.5650947970843686,0.20565631846214683,0.2292488844534846,1.9009407097152526,0,0
33,Coventry,Aston Villa,0.2292488844534846,0.20565631846214683,0.5650947970843686,0.8934029718226006,0,0
33,Brentford,Fulham,0.5594569232273366,0.21484014453930994,0.2257029322333533,1.8932109142213198,0,0
33,Fulham,Brentford,0.2257029322333533,0.21484014453930994,0.5594569232273366,0.89194894123937,0,0
33,Leeds,Liverpool,0.3840189794494472,0.3216471741017727,0.29433384644878013,1.4737041124501142,0,0
33,Liverpool,Leeds,0.29433384644878013,0.3216471741017727,0.3840189794494472,1.2046487134481132,0,0
34,Sunderland,Newcastle,0.39807755140420237,0.28137076132251543,0.3205516872732822,1.4756034155351225,0,0
34,Newcastle,Sunderland,0.3205516872732822,0.28137076132251543,0.39807755140420237,1.243025823142362,0,0
34,Brighton,Nott'm Forest,0.5295271431237111,0.23261274722247052,0.23786010965381849,1.821194176593604,0,0
34,Nott'm Forest,Brighton,0.23786010965381849,0.23261274722247052,0.5295271431237111,0.946193076183926,0,0
34,Coventry,Man United,0.35823899550145505,0.2712481633810678,0.37051284111747723,1.3459651498854328,0,0
34,Man United,Coventry,0.37051284111747723,0.2712481633810678,0.35823899550145505,1.3827866867334995,0,0
34,Hull,Bournemouth,0.3332092351575038,0.22845676602796636,0.4383339988145299,1.2280844715004777,0,0
34,Bournemouth,Hull,0.4383339988145299,0.22845676602796636,0.3332092351575038,1.5434587624715561,0,0
34,Man City,Brentford,0.5247588886317445,0.351620706556928,0.12362040481132758,1.9258973724521615,0,0
34,Brentford,Man City,0.12362040481132758,0.351620706556928,0.5247588886317445,0.7224819209909108,0,0
34,Fulham,Everton,0.3836813512996826,0.28818043308929897,0.3281382156110184,1.4392244869883468,0,0
34,Everton,Fulham,0.3281382156110184,0.28818043308929897,0.3836813512996826,1.2725950799223542,0,0
34,Liverpool,Chelsea,0.5672567665889708,0.26610903005684616,0.16663420335418305,1.9678793298237585,0,0
34,Chelsea,Liverpool,0.16663420335418305,0.26610903005684616,0.5672567665889708,0.7660116401193953,0,0
34,Arsenal,Tottenham,0.7521145458079398,0.1525971404227985,0.09528831376926179,2.4089407778466176,0,0
34,Tottenham,Arsenal,0.09528831376926179,0.1525971404227985,0.7521145458079398,0.4384620817305839,0,0
34,Crystal Palace,Aston Villa,0.36842501651994125,0.27478303574806995,0.35679194773198875,1.3800580853078936,0,0
34,Aston Villa,Crystal Palace,0.35679194773198875,0.27478303574806995,0.36842501651994125,1.3451588789440363,0,0
34,Ipswich,Leeds,0.3773939901606871,0.28635204002702913,0.3362539698122837,1.4185340105090904,0,0
34,Leeds,Ipswich,0.3362539698122837,0.28635204002702913,0.3773939901606871,1.2951139494638804,0,0
35,Man City,Liverpool,0.5749157268738463,0.27091020096419166,0.154174072161962,1.9956573815857306,0,0
35,Liverpool,Man City,0.154174072161962,0.27091020096419166,0.5749157268738463,0.7334324174500777,0,0
35,Leeds,Arsenal,0.2633335511096842,0.24127931401566313,0.49538713487465275,1.0312799673447157,0,0
35,Arsenal,Leeds,0.49538713487465275,0.24127931401566313,0.2633335511096842,1.7274407186396212,0,0
35,Fulham,Ipswich,0.5587291452659824,0.2366967975549901,0.2045740571790275,1.9128842333529372,0,0
35,Ipswich,Fulham,0.2045740571790275,0.2366967975549901,0.5587291452659824,0.8504189690920725,0,0
35,Nott'm Forest,Crystal Palace,0.4425792663352148,0.28580728048455645,0.2716134531802286,1.6135450794902009,0,0
35,Crystal Palace,Nott'm Forest,0.2716134531802286,0.28580728048455645,0.4425792663352148,1.1006476400252423,0,0
35,Brentford,Aston Villa,0.4543809873583964,0.22594520680631835,0.3196738058352853,1.5890881688815075,0,0
35,Aston Villa,Brentford,0.3196738058352853,0.22594520680631835,0.4543809873583964,1.1849666243121744,0,0
35,Newcastle,Coventry,0.4800553282379818,0.27553364973514827,0.2444110220268698,1.7156996344490936,0,0
35,Coventry,Newcastle,0.2444110220268698,0.27553364973514827,0.4800553282379818,1.0087667158157576,0,0
35,Brighton,Sunderland,0.5288257927863617,0.23835403196785196,0.2328201752457864,1.8248314103269367,0,0
35,Sunderland,Brighton,0.2328201752457864,0.23835403196785196,0.5288257927863617,0.9368145577052113,0,0
35,Tottenham,Chelsea,0.38108711502138065,0.28182842112174433,0.33708446385687507,1.4250897661858863,0,0
35,Chelsea,Tottenham,0.33708446385687507,0.28182842112174433,0.38108711502138065,1.2930818126923695,0,0
35,Everton,Hull,0.4318880744889591,0.2815030261975798,0.28660889931346106,1.577167249664457,0,0
35,Hull,Everton,0.28660889931346106,0.2815030261975798,0.4318880744889591,1.141329724137963,0,0
35,Bournemouth,Man United,0.4521927182525092,0.2612256005487429,0.28658168119874794,1.6178037553062703,0,0
35,Man United,Bournemouth,0.28658168119874794,0.2612256005487429,0.4521927182525092,1.1209706441449867,0,0
36,Hull,Fulham,0.48763698780263226,0.25969355406449657,0.25266945813287117,1.7226045174723934,0,0
36,Fulham,Hull,0.25266945813287117,0.25969355406449657,0.48763698780263226,1.0177019284631101,0,0
36,Man United,Leeds,0.5869239518970336,0.2553685738093522,0.15770747429361423,2.016140429500453,0,0
36,Leeds,Man United,0.15770747429361423,0.2553685738093522,0.5869239518970336,0.7284909966901949,0,0
36,Crystal Palace,Brighton,0.3292336961285988,0.27961182477070773,0.3911544791006934,1.2673129131565042,0,0
36,Brighton,Crystal Palace,0.3911544791006934,0.27961182477070773,0.3292336961285988,1.453075262072788,0,0
36,Aston Villa,Newcastle,0.48824784383114445,0.2440533422211359,0.2676988139477197,1.7087968737145693,0,0
36,Newcastle,Aston Villa,0.2676988139477197,0.2440533422211359,0.48824784383114445,1.0471497840642952,0,0
36,Chelsea,Everton,0.42199093835488927,0.2884123510539,0.28959671059121067,1.554385166118568,0,0
36,Everton,Chelsea,0.28959671059121067,0.2884123510539,0.42199093835488927,1.157202482827532,0,0
36,Coventry,Tottenham,0.5151752482790757,0.2631769984341572,0.22164775328676714,1.8087027432713843,0,0
36,Tottenham,Coventry,0.22164775328676714,0.2631769984341572,0.5151752482790757,0.9281202582944587,0,0
36,Sunderland,Bournemouth,0.33320356280378965,0.2390170491249461,0.42777938807126425,1.238627737536315,0,0
36,Bournemouth,Sunderland,0.42777938807126425,0.2390170491249461,0.33320356280378965,1.522355213338739,0,0
36,Liverpool,Brentford,0.5025187071388068,0.3076819710916053,0.189799321769588,1.8152380925080254,0,0
36,Brentford,Liverpool,0.189799321769588,0.3076819710916053,0.5025187071388068,0.8770799364003692,0,0
36,Ipswich,Man City,0.23501437075384207,0.19187619199571232,0.5731094372504456,0.8969193042572385,0,0
36,Man City,Ipswich,0.5731094372504456,0.19187619199571232,0.23501437075384207,1.911204503747049,0,0
36,Arsenal,Nott'm Forest,0.762610355219397,0.1407005719359901,0.09668907284461303,2.428531637594181,0,0
36,Nott'm Forest,Arsenal,0.09668907284461303,0.1407005719359901,0.762610355219397,0.43076779046982916,0,0
37,Brentford,Hull,0.5282580336862397,0.23892573783524554,0.23281622847851474,1.8236998388939647,0,0
37,Hull,Brentford,0.23281622847851474,0.23892573783524554,0.5282580336862397,0.9373744232707898,0,0
37,Newcastle,Crystal Palace,0.4756408623096885,0.2729999128150341,0.25135922487527745,1.6999224997440998,0,0
37,Crystal Palace,Newcastle,0.25135922487527745,0.2729999128150341,0.4756408623096885,1.0270775874408664,0,0
37,Tottenham,Man United,0.3670910745735059,0.27560525244030315,0.3573036729861909,1.376878476160821,0,0
37,Man United,Tottenham,0.3573036729861909,0.27560525244030315,0.3670910745735059,1.347516271398876,0,0
37,Leeds,Sunderland,0.40764131928400144,0.3162509402987688,0.2761077404172297,1.5391748981507731,0,0
37,Sunderland,Leeds,0.2761077404172297,0.3162509402987688,0.40764131928400144,1.1445741615504579,0,0
37,Brighton,Liverpool,0.44425678191309953,0.2618913166597377,0.29385190142716283,1.5946616623990362,0,0
37,Liverpool,Brighton,0.29385190142716283,0.2618913166597377,0.44425678191309953,1.1434470209412262,0,0
37,Nott'm Forest,Ipswich,0.5681317558810992,0.2396689119304794,0.19219933218842136,1.944064179573777,0,0
37,Ipswich,Nott'm Forest,0.19219933218842136,0.2396689119304794,0.5681317558810992,0.8162669084957435,0,0
37,Bournemouth,Chelsea,0.48826998094479573,0.2420689367366287,0.26966108231857555,1.706878879571016,0,0
37,Chelsea,Bournemouth,0.26966108231857555,0.2420689367366287,0.48826998094479573,1.0510521836923554,0,0
37,Fulham,Coventry,0.43265139868031177,0.28650671326663363,0.28084188805305466,1.584460909307569,0,0
37,Coventry,Fulham,0.28084188805305466,0.28650671326663363,0.43265139868031177,1.1290323774257975,0,0
37,Everton,Arsenal,0.2570896361651563,0.23293327808885883,0.5099770857459849,1.0042021865843278,0,0
37,Arsenal,Everton,0.5099770857459849,0.23293327808885883,0.2570896361651563,1.7628645353268135,0,0
37,Man City,Aston Villa,0.6454563946941628,0.22685817467282063,0.12768543063301654,2.163227358755309,0,0
37,Aston Villa,Man City,0.12768543063301654,0.22685817467282063,0.6454563946941628,0.6099144665718703,0,0
38,Ipswich,Everton,0.3773939901606871,0.28635204002702913,0.3362539698122837,1.4185340105090904,0,0
38,Everton,Ipswich,0.3362539698122837,0.28635204002702913,0.3773939901606871,1.2951139494638804,0,0
38,Arsenal,Brighton,0.5691432084066289,0.256168795076662,0.17468799651670908,1.9635984202965489,0,0
38,Brighton,Arsenal,0.17468799651670908,0.256168795076662,0.5691432084066289,0.7802327846267892,0,0
38,Liverpool,Bournemouth,0.4848546007981263,0.2565511136277651,0.2585942855741085,1.7111149160221442,0,0
38,Bournemouth,Liverpool,0.2585942855741085,0.2565511136277651,0.4848546007981263,1.0323339703500907,0,0
38,Coventry,Nott'm Forest,0.40010241183119627,0.2886008350240475,0.3112967531447562,1.4889080705176363,0,0
38,Nott'm Forest,Coventry,0.3112967531447562,0.2886008350240475,0.40010241183119627,1.222491094458316,0,0
38,Aston Villa,Tottenham,0.6335008110484412,0.18653035684819952,0.1799688321033593,2.0870327899935233,0,0
38,Tottenham,Aston Villa,0.1799688321033593,0.18653035684819952,0.6335008110484412,0.7264368531582774,0,0
38,Hull,Newcastle,0.40309044002878924,0.27232124741962255,0.32458831255158827,1.4815925675059904,0,0
38,Newcastle,Hull,0.32458831255158827,0.27232124741962255,0.40309044002878924,1.2460861850743874,0,0
38,Man United,Fulham,0.6277800458851456,0.216353138986155,0.15586681512869938,2.0996932766415917,0,0
38,Fulham,Man United,0.15586681512869938,0.216353138986155,0.6277800458851456,0.6839535843722531,0,0
38,Sunderland,Man City,0.27204908844466785,0.22842669461834442,0.4995242169369876,1.044573959952348,0,0
38,Man City,Sunderland,0.4995242169369876,0.22842669461834442,0.27204908844466785,1.7269993454293073,0,0
38,Chelsea,Brentford,0.4123536460057588,0.28099414300144326,0.3066522109927979,1.5180550810187197,0,0
38,Brentford,Chelsea,0.3066522109927979,0.28099414300144326,0.4123536460057588,1.200950775979837,0,0
38,Crystal Palace,Leeds,0.38193321023863824,0.2893087074047024,0.3287580823566595,1.4351083381206173,0,0
38,Leeds,Crystal Palace,0.3287580823566595,0.2893087074047024,0.38193321023863824,1.2755829544746808,0,0
