Matchday,Home_Team,Away_Team,Home_Score,Away_Score
1,Girona,Rayo Vallecano,1,3
1,Villarreal,Oviedo,2,0
1,Mallorca,Barcelona,0,3
1,Alavés,Levante,2,1
1,Valencia,Real Sociedad,1,1
1,Celta Vigo,Getafe,0,2
1,Athletic Club,Sevilla,3,2
1,Espanyol,Atlético Madrid,2,1
1,Elche,Real Betis,1,1
1,Real Madrid,Osasuna,1,0
2,Real Betis,Alavés,1,0
2,Mallorca,Celta Vigo,1,1
2,Atlético Madrid,Elche,1,1
2,Levante,Barcelona,2,3
2,Osasuna,Valencia,1,0
2,Real Sociedad,Espanyol,2,2
2,Villarreal,Girona,5,0
2,Oviedo,Real Madrid,0,3
2,Athletic Club,Rayo Vallecano,1,0
2,Sevilla,Getafe,1,2
3,Elche,Levante,2,0
3,Valencia,Getafe,3,0
3,Alavés,Atlético Madrid,1,1
3,Oviedo,Real Sociedad,1,0
3,Girona,Sevilla,0,2
3,Real Madrid,Mallorca,2,1
3,Celta Vigo,Villarreal,1,1
3,Real Betis,Athletic Club,1,2
3,Espanyol,Osasuna,1,0
3,Rayo Vallecano,Barcelona,1,1
4,Sevilla,Elche,2,2
4,Getafe,Oviedo,2,0
4,Real Sociedad,Real Madrid,1,2
4,Athletic Club,Alavés,0,1
4,Atlético Madrid,Villarreal,2,0
4,Celta Vigo,Girona,1,1
4,Levante,Real Betis,2,2
4,Osasuna,Rayo Vallecano,2,0
4,Barcelona,Valencia,6,0
4,Espanyol,Mallorca,3,2
5,Real Betis,Real Sociedad,3,1
5,Girona,Levante,0,4
5,Real Madrid,Espanyol,2,0
5,Villarreal,Osasuna,2,1
5,Alavés,Sevilla,1,2
5,Valencia,Athletic Club,2,0
5,Rayo Vallecano,Celta Vigo,1,1
5,Mallorca,Atlético Madrid,1,1
5,Elche,Oviedo,1,0
5,Barcelona,Getafe,3,0
6,Espanyol,Valencia,2,2
6,Athletic Club,Girona,1,1
6,Sevilla,Villarreal,1,2
6,Levante,Real Madrid,1,4
6,Getafe,Alavés,1,1
6,Atlético Madrid,Rayo Vallecano,3,2
6,Real Sociedad,Mallorca,1,0
6,Osasuna,Elche,1,1
6,Oviedo,Barcelona,1,3
6,Celta Vigo,Real Betis,1,1
7,Girona,Espanyol,0,0
7,Getafe,Levante,1,1
7,Atlético Madrid,Real Madrid,5,2
7,Mallorca,Alavés,1,0
7,Villarreal,Athletic Club,1,0
7,Rayo Vallecano,Sevilla,0,1
7,Elche,Celta Vigo,2,1
7,Barcelona,Real Sociedad,2,1
7,Real Betis,Osasuna,2,0
7,Valencia,Oviedo,1,2
8,Osasuna,Getafe,2,1
8,Oviedo,Levante,0,2
8,Girona,Valencia,2,1
8,Athletic Club,Mallorca,2,1
8,Real Madrid,Villarreal,3,1
8,Alavés,Elche,3,1
8,Sevilla,Barcelona,4,1
8,Espanyol,Real Betis,1,2
8,Real Sociedad,Rayo Vallecano,0,1
8,Celta Vigo,Atlético Madrid,1,1
9,Oviedo,Espanyol,0,2
9,Sevilla,Mallorca,1,3
9,Barcelona,Girona,2,1
9,Villarreal,Real Betis,2,2
9,Atlético Madrid,Osasuna,1,0
9,Elche,Athletic Club,0,0
9,Celta Vigo,Real Sociedad,1,1
9,Levante,Rayo Vallecano,0,3
9,Getafe,Real Madrid,0,1
9,Alavés,Valencia,0,0
10,Real Sociedad,Sevilla,2,1
10,Girona,Oviedo,3,3
10,Espanyol,Elche,1,0
10,Athletic Club,Getafe,0,1
10,Valencia,Villarreal,0,2
10,Mallorca,Levante,1,1
10,Real Madrid,Barcelona,2,1
10,Osasuna,Celta Vigo,2,3
10,Rayo Vallecano,Alavés,1,0
10,Real Betis,Atlético Madrid,0,2
11,Getafe,Girona,2,1
11,Villarreal,Rayo Vallecano,4,0
11,Atlético Madrid,Sevilla,3,0
11,Real Sociedad,Athletic Club,3,2
11,Real Madrid,Valencia,4,0
11,Levante,Celta Vigo,1,2
11,Alavés,Espanyol,2,1
11,Barcelona,Elche,3,1
11,Real Betis,Mallorca,3,0
11,Oviedo,Osasuna,0,0
12,Elche,Real Sociedad,1,1
12,Girona,Alavés,1,0
12,Sevilla,Osasuna,1,1
12,Atlético Madrid,Levante,3,1
12,Espanyol,Villarreal,0,2
12,Athletic Club,Oviedo,1,0
12,Rayo Vallecano,Real Madrid,0,0
12,Mallorca,Getafe,1,0
12,Valencia,Real Betis,1,1
12,Celta Vigo,Barcelona,2,4
13,Valencia,Levante,1,0
13,Alavés,Celta Vigo,0,1
13,Barcelona,Athletic Club,4,0
13,Osasuna,Real Sociedad,1,3
13,Villarreal,Mallorca,2,1
13,Oviedo,Rayo Vallecano,0,0
13,Real Betis,Girona,1,1
13,Getafe,Atlético Madrid,0,1
13,Elche,Real Madrid,2,2
13,Espanyol,Sevilla,2,1
14,Getafe,Elche,1,0
14,Mallorca,Osasuna,2,2
14,Barcelona,Alavés,3,1
14,Levante,Athletic Club,0,2
14,Atlético Madrid,Oviedo,2,0
14,Real Sociedad,Villarreal,2,3
14,Sevilla,Real Betis,0,2
14,Celta Vigo,Espanyol,0,1
14,Girona,Real Madrid,1,1
14,Rayo Vallecano,Valencia,1,1
15,Oviedo,Mallorca,0,0
15,Villarreal,Getafe,2,0
15,Alavés,Real Sociedad,1,0
15,Real Betis,Barcelona,3,5
15,Athletic Club,Atlético Madrid,1,0
15,Elche,Girona,3,0
15,Valencia,Sevilla,1,1
15,Espanyol,Rayo Vallecano,1,0
15,Real Madrid,Celta Vigo,0,2
15,Osasuna,Levante,2,0
16,Real Sociedad,Girona,1,2
16,Atlético Madrid,Valencia,2,1
16,Mallorca,Elche,3,1
16,Barcelona,Osasuna,2,0
16,Getafe,Espanyol,0,1
16,Sevilla,Oviedo,4,0
16,Celta Vigo,Athletic Club,2,0
16,Alavés,Real Madrid,1,2
16,Rayo Vallecano,Real Betis,0,0
16,Levante,Villarreal,,
17,Valencia,Mallorca,1,1
17,Oviedo,Celta Vigo,0,0
17,Levante,Real Sociedad,1,1
17,Osasuna,Alavés,3,0
17,Real Madrid,Sevilla,2,0
17,Girona,Atlético Madrid,0,3
17,Villarreal,Barcelona,0,2
17,Elche,Rayo Vallecano,4,0
17,Real Betis,Getafe,4,0
17,Athletic Club,Espanyol,1,2
18,Rayo Vallecano,Getafe,1,1
18,Celta Vigo,Valencia,4,1
18,Osasuna,Athletic Club,1,1
18,Elche,Villarreal,1,3
18,Espanyol,Barcelona,0,2
18,Sevilla,Levante,0,3
18,Real Madrid,Real Betis,5,1
18,Mallorca,Girona,1,2
18,Alavés,Oviedo,1,1
18,Real Sociedad,Atlético Madrid,1,1
19,Barcelona,Atlético Madrid,3,1
19,Athletic Club,Real Madrid,0,3
19,Getafe,Real Sociedad,1,2
19,Oviedo,Real Betis,1,1
19,Villarreal,Alavés,3,1
19,Girona,Osasuna,1,0
19,Valencia,Elche,1,1
19,Rayo Vallecano,Mallorca,2,1
19,Levante,Espanyol,1,1
19,Sevilla,Celta Vigo,0,1
20,Espanyol,Girona,0,2
20,Real Madrid,Levante,2,0
20,Mallorca,Athletic Club,3,2
20,Osasuna,Oviedo,3,2
20,Real Betis,Villarreal,2,0
20,Getafe,Valencia,0,1
20,Atlético Madrid,Alavés,1,0
20,Celta Vigo,Rayo Vallecano,3,0
20,Real Sociedad,Barcelona,2,1
20,Elche,Sevilla,2,2
21,Levante,Elche,3,2
21,Rayo Vallecano,Osasuna,1,3
21,Valencia,Espanyol,3,2
21,Sevilla,Athletic Club,2,1
21,Villarreal,Real Madrid,0,2
21,Atlético Madrid,Mallorca,3,0
21,Barcelona,Oviedo,3,0
21,Real Sociedad,Celta Vigo,3,1
21,Alavés,Real Betis,,
21,Girona,Getafe,,
22,Espanyol,Alavés,,
22,Oviedo,Girona,,
22,Osasuna,Villarreal,,
22,Levante,Atlético Madrid,,
22,Elche,Barcelona,,
22,Real Madrid,Rayo Vallecano,,
22,Real Betis,Valencia,,
22,Getafe,Celta Vigo,,
22,Athletic Club,Real Sociedad,,
22,Mallorca,Sevilla,,
23,Real Sociedad,Elche,,
23,Alavés,Getafe,,
23,Rayo Vallecano,Oviedo,,
23,Barcelona,Mallorca,,
23,Athletic Club,Levante,,
23,Villarreal,Espanyol,,
23,Atlético Madrid,Real Betis,,
23,Sevilla,Girona,,
23,Celta Vigo,Osasuna,,
23,Valencia,Real Madrid,,
24,Oviedo,Athletic Club,,
24,Sevilla,Alavés,,
24,Espanyol,Celta Vigo,,
24,Rayo Vallecano,Atlético Madrid,,
24,Getafe,Villarreal,,
24,Mallorca,Real Betis,,
24,Levante,Valencia,,
24,Elche,Osasuna,,
24,Real Madrid,Real Sociedad,,
24,Girona,Barcelona,,
25,Real Sociedad,Oviedo,,
25,Athletic Club,Elche,,
25,Getafe,Sevilla,,
25,Osasuna,Real Madrid,,
25,Celta Vigo,Mallorca,,
25,Real Betis,Rayo Vallecano,,
25,Alavés,Girona,,
25,Atlético Madrid,Espanyol,,
25,Barcelona,Levante,,
25,Villarreal,Valencia,,
26,Oviedo,Atlético Madrid,,
26,Barcelona,Villarreal,,
26,Rayo Vallecano,Athletic Club,,
26,Levante,Alavés,,
26,Girona,Celta Vigo,,
26,Real Betis,Sevilla,,
26,Elche,Espanyol,,
26,Valencia,Osasuna,,
26,Real Madrid,Getafe,,
26,Mallorca,Real Sociedad,,
27,Villarreal,Elche,,
27,Espanyol,Oviedo,,
27,Osasuna,Mallorca,,
27,Atlético Madrid,Real Sociedad,,
27,Celta Vigo,Real Madrid,,
27,Levante,Girona,,
27,Athletic Club,Barcelona,,
27,Valencia,Alavés,,
27,Getafe,Real Betis,,
27,Sevilla,Rayo Vallecano,,
28,Atlético Madrid,Getafe,,
28,Real Sociedad,Osasuna,,
28,Real Betis,Celta Vigo,,
28,Oviedo,Valencia,,
28,Rayo Vallecano,Levante,,
28,Mallorca,Espanyol,,
28,Alavés,Villarreal,,
28,Real Madrid,Elche,,
28,Barcelona,Sevilla,,
28,Girona,Athletic Club,,
29,Villarreal,Real Sociedad,,
29,Athletic Club,Real Betis,,
29,Sevilla,Valencia,,
29,Espanyol,Getafe,,
29,Barcelona,Rayo Vallecano,,
29,Elche,Mallorca,,
29,Levante,Oviedo,,
29,Celta Vigo,Alavés,,
29,Osasuna,Girona,,
29,Real Madrid,Atlético Madrid,,
30,Oviedo,Sevilla,,
30,Getafe,Athletic Club,,
30,Girona,Villarreal,,
30,Mallorca,Real Madrid,,
30,Real Sociedad,Levante,,
30,Valencia,Celta Vigo,,
30,Real Betis,Espanyol,,
30,Alavés,Osasuna,,
30,Atlético Madrid,Barcelona,,
30,Rayo Vallecano,Elche,,
31,Celta Vigo,Oviedo,,
31,Mallorca,Rayo Vallecano,,
31,Elche,Valencia,,
31,Osasuna,Real Betis,,
31,Levante,Getafe,,
31,Barcelona,Espanyol,,
31,Real Sociedad,Alavés,,
31,Sevilla,Atlético Madrid,,
31,Real Madrid,Girona,,
31,Athletic Club,Villarreal,,
32,Rayo Vallecano,Real Sociedad,,
32,Alavés,Mallorca,,
32,Valencia,Girona,,
32,Osasuna,Sevilla,,
32,Oviedo,Elche,,
32,Getafe,Barcelona,,
32,Espanyol,Levante,,
32,Real Betis,Real Madrid,,
32,Atlético Madrid,Athletic Club,,
32,Villarreal,Celta Vigo,,
33,Athletic Club,Osasuna,,
33,Real Madrid,Alavés,,
33,Levante,Sevilla,,
33,Barcelona,Celta Vigo,,
33,Girona,Real Betis,,
33,Mallorca,Valencia,,
33,Oviedo,Villarreal,,
33,Rayo Vallecano,Espanyol,,
33,Elche,Atlético Madrid,,
33,Real Sociedad,Getafe,,
34,Real Betis,Oviedo,,
34,Girona,Mallorca,,
34,Getafe,Rayo Vallecano,,
34,Espanyol,Real Madrid,,
34,Osasuna,Barcelona,,
34,Celta Vigo,Elche,,
34,Villarreal,Levante,,
34,Alavés,Athletic Club,,
34,Sevilla,Real Sociedad,,
34,Valencia,Atlético Madrid,,
35,Levante,Osasuna,,
35,Mallorca,Villarreal,,
35,Barcelona,Real Madrid,,
35,Sevilla,Espanyol,,
35,Rayo Vallecano,Girona,,
35,Real Sociedad,Real Betis,,
35,Oviedo,Getafe,,
35,Elche,Alavés,,
35,Athletic Club,Valencia,,
35,Atlético Madrid,Celta Vigo,,
36,Real Madrid,Oviedo,,
36,Villarreal,Sevilla,,
36,Alavés,Barcelona,,
36,Osasuna,Atlético Madrid,,
36,Valencia,Rayo Vallecano,,
36,Espanyol,Athletic Club,,
36,Getafe,Mallorca,,
36,Girona,Real Sociedad,,
36,Celta Vigo,Levante,,
36,Real Betis,Elche,,
37,Barcelona,Real Betis,,
37,Rayo Vallecano,Villarreal,,
37,Athletic Club,Celta Vigo,,
37,Levante,Mallorca,,
37,Sevilla,Real Madrid,,
37,Real Sociedad,Valencia,,
37,Elche,Getafe,,
37,Osasuna,Espanyol,,
37,Atlético Madrid,Girona,,
37,Oviedo,Alavés,,
38,Valencia,Barcelona,,
38,Real Betis,Levante,,
38,Real Madrid,Athletic Club,,
38,Alavés,Rayo Vallecano,,
38,Girona,Elche,,
38,Getafe,Osasuna,,
38,Celta Vigo,Sevilla,,
38,Mallorca,Oviedo,,
38,Espanyol,Real Sociedad,,
38,Villarreal,Atlético Madrid,,